season,team_abbreviation,player_name,player_name_fixed,player_name_zh,player_url,match_status
2025-26,ATL,Asa Newell,Asa Newell,阿萨-纽厄尔,https://nba.hupu.com/players/asanewell-153275.html,matched_local
2025-26,ATL,Buddy Hield,Buddy Hield,巴迪-希尔德,https://nba.hupu.com/players/buddyhield-150169.html,matched_local
2025-26,ATL,Caleb Houstan,Caleb Houstan,,,missing_hupu_match
2025-26,ATL,Christian Koloko,Christian Koloko,克里斯蒂安-科洛科,https://nba.hupu.com/players/christiankoloko-152876.html,matched_local
2025-26,ATL,CJ McCollum,CJ McCollum,CJ-麦科勒姆,https://nba.hupu.com/players/cjmccollum-4844.html,matched_local
2025-26,ATL,Corey Kispert,Corey Kispert,科里-基斯珀特,https://nba.hupu.com/players/coreykispert-152651.html,matched_local
2025-26,ATL,Dyson Daniels,Dyson Daniels,戴森-丹尼尔斯,https://nba.hupu.com/players/dysondaniels-152879.html,matched_local
2025-26,ATL,Gabe Vincent,Gabe Vincent,盖布-文森特,https://nba.hupu.com/players/gabevincent-151627.html,matched_local
2025-26,ATL,Jacob Toppin,Jacob Toppin,,,missing_hupu_match
2025-26,ATL,Jalen Johnson,Jalen Johnson,杰伦-约翰逊,https://nba.hupu.com/players/jalenjohnson-152583.html,matched_local
2025-26,ATL,Jock Landale,Jock Landale,乔克-兰代尔,https://nba.hupu.com/players/jocklandale-152642.html,matched_local
2025-26,ATL,Jonathan Kuminga,Jonathan Kuminga,乔纳森-库明加,https://nba.hupu.com/players/jonathankuminga-152599.html,matched_local
2025-26,ATL,Keaton Wallace,Keaton Wallace,基顿·华莱士,https://nba.hupu.com/players/keatonwallace-152929.html,matched_local
2025-26,ATL,Keshon Gilbert,Keshon Gilbert,凯雄-吉尔伯特,https://nba.hupu.com/players/keshongilbert-153361.html,matched_local
2025-26,ATL,Mouhamed Gueye,Mouhamed Gueye,穆罕穆德-盖伊,https://nba.hupu.com/players/mouhamedgueye-152996.html,matched_local
2025-26,ATL,N'Faly Dante,N'Faly Dante,,,missing_hupu_match
2025-26,ATL,Nickeil Alexander-Walker,Nickeil Alexander-Walker,尼基尔-亚历山大-沃克,https://nba.hupu.com/players/nickeilalexanderwalker-151711.html,matched_local
2025-26,ATL,Onyeka Okongwu,Onyeka Okongwu,奥涅卡-奥孔古,https://nba.hupu.com/players/onyekaokongwu-152361.html,matched_local
2025-26,ATL,RayJ Dennis,RayJ Dennis,雷伊-丹尼斯,https://nba.hupu.com/players/rayjdennis-153255.html,matched_local
2025-26,ATL,Tony Bradley,Tony Bradley,托尼-布拉德利,https://nba.hupu.com/players/tonybradley-150491.html,matched_local
2025-26,ATL,Zaccharie Risacher,Zaccharie Risacher,扎卡里·里萨切尔,https://nba.hupu.com/players/zaccharierisacher-153132.html,matched_local
2025-26,BKN,Ben Saraf,Ben Saraf,本-萨拉夫,https://nba.hupu.com/players/bensaraf-153288.html,matched_local
2025-26,BKN,Chaney Johnson,Chaney Johnson,钱尼-约翰逊,https://nba.hupu.com/players/chaneyjohnson-153358.html,matched_local
2025-26,BKN,Danny Wolf,Danny Wolf,丹尼-沃尔夫,https://nba.hupu.com/players/dannywolf-153285.html,matched_local
2025-26,BKN,Day'Ron Sharpe,Day'Ron Sharpe,戴罗恩-夏普,https://nba.hupu.com/players/dayronsharpe-152621.html,matched_local
2025-26,BKN,Drake Powell,Drake Powell,德雷克-鲍威尔,https://nba.hupu.com/players/drakepowell-153287.html,matched_local
2025-26,BKN,Egor DÃ«min,Egor Dëmin,叶戈尔-杰明,https://nba.hupu.com/players/egordemin-153286.html,matched_local
2025-26,BKN,E.J. Liddell,E.J. Liddell,E.J-利德尔,https://nba.hupu.com/players/ejliddell-152864.html,matched_local
2025-26,BKN,Grant Nelson,Grant Nelson,,,missing_hupu_match
2025-26,BKN,Jalen Wilson,Jalen Wilson,杰伦·威尔逊,https://nba.hupu.com/players/jalenwilson-153011.html,matched_local
2025-26,BKN,Josh Minott,Josh Minott,约什-米诺特,https://nba.hupu.com/players/joshminott-152871.html,matched_local
2025-26,BKN,Malachi Smith,Malachi Smith,马拉奇·史密斯,https://nba.hupu.com/players/malachismith-153104.html,matched_local
2025-26,BKN,Michael Porter Jr.,Michael Porter Jr.,小迈克尔-波特,https://nba.hupu.com/players/michaelporter-150924.html,matched_local
2025-26,BKN,Nic Claxton,Nic Claxton,尼古拉斯-克拉克斯顿,https://nba.hupu.com/players/nicclaxton-151757.html,matched_local
2025-26,BKN,Noah Clowney,Noah Clowney,诺厄·克洛尼,https://nba.hupu.com/players/noahclowney-152982.html,matched_local
2025-26,BKN,Nolan Traore,Nolan Traore,诺兰-特拉奥雷,https://nba.hupu.com/players/nolantraore-153284.html,matched_local
2025-26,BKN,Ochai Agbaji,Ochai Agbaji,奥查伊-阿巴吉,https://nba.hupu.com/players/ochaiagbaji-152839.html,matched_local
2025-26,BKN,Terance Mann,Terance Mann,特伦斯-曼,https://nba.hupu.com/players/terancemann-151763.html,matched_local
2025-26,BKN,Trevon Scott,Trevon Scott,特雷-斯科特,https://nba.hupu.com/players/trevonscott-152539.html,matched_local
2025-26,BKN,Tyson Etienne,Tyson Etienne,泰森-埃蒂安,https://nba.hupu.com/players/tysonetienne-152897.html,matched_local
2025-26,BKN,Ziaire Williams,Ziaire Williams,宰伊尔-威廉姆斯,https://nba.hupu.com/players/ziairewilliams-152658.html,matched_local
2025-26,BOS,Amari Williams,Amari Williams,阿马里-威廉姆斯,https://nba.hupu.com/players/amariwilliams-153305.html,matched_local
2025-26,BOS,Baylor Scheierman,Baylor Scheierman,贝勒·沙伊尔曼,https://nba.hupu.com/players/baylorscheierman-153109.html,matched_local
2025-26,BOS,Chris Boucher,Chris Boucher,,,missing_hupu_match
2025-26,BOS,Dalano Banton,Dalano Banton,达拉诺-班顿,https://nba.hupu.com/players/dalanobanton-152654.html,matched_local
2025-26,BOS,Derrick White,Derrick White,德里克-怀特,https://nba.hupu.com/players/derrickwhite-150480.html,matched_local
2025-26,BOS,Hugo GonzÃ¡lez,Hugo González,雨果-冈萨雷斯,https://nba.hupu.com/players/hugogonzalez-153276.html,matched_local
2025-26,BOS,Jaylen Brown,Jaylen Brown,杰伦-布朗,https://nba.hupu.com/players/jaylenbrown-150166.html,matched_local
2025-26,BOS,Jayson Tatum,Jayson Tatum,杰森-塔特姆,https://nba.hupu.com/players/jaysontatum-150433.html,matched_local
2025-26,BOS,John Tonje,John Tonje,约翰-汤杰,https://nba.hupu.com/players/johntonje-153328.html,matched_local
2025-26,BOS,Jordan Walsh,Jordan Walsh,乔丹·沃尔什,https://nba.hupu.com/players/jordanwalsh-152998.html,matched_local
2025-26,BOS,Luka Garza,Luka Garza,卢卡-加尔扎,https://nba.hupu.com/players/lukagarza-152595.html,matched_local
2025-26,BOS,Max Shulga,Max Shulga,马克斯-舒尔加,https://nba.hupu.com/players/maxshulga-153306.html,matched_local
2025-26,BOS,Neemias Queta,Neemias Queta,内米亚斯-克塔,https://nba.hupu.com/players/neemiasqueta-152641.html,matched_local
2025-26,BOS,Nikola VuÄeviÄ,Nikola Vučević,尼古拉-武切维奇,https://nba.hupu.com/players/nikolavucevic-3569.html,matched_local
2025-26,BOS,Payton Pritchard,Payton Pritchard,佩顿-普里查德,https://nba.hupu.com/players/paytonpritchard-152381.html,matched_local
2025-26,BOS,Ron Harper Jr.,Ron Harper Jr.,罗恩-哈珀,https://nba.hupu.com/players/ronharper-152815.html,matched_local
2025-26,BOS,Sam Hauser,Sam Hauser,萨姆-豪瑟,https://nba.hupu.com/players/samhauser-152585.html,matched_local
2025-26,CHA,Antonio Reeves,Antonio Reeves,安东尼奥·里夫斯,https://nba.hupu.com/players/antonioreeves-153144.html,matched_local
2025-26,CHA,Brandon Miller,Brandon Miller,布兰登·米勒,https://nba.hupu.com/players/brandonmiller-152964.html,matched_local
2025-26,CHA,Coby White,Coby White,科比-怀特,https://nba.hupu.com/players/cobywhite-151707.html,matched_local
2025-26,CHA,Drew Peterson,Drew Peterson,,,missing_hupu_match
2025-26,CHA,Grant Williams,Grant Williams,格兰特-威廉姆斯,https://nba.hupu.com/players/grantwilliams-151718.html,matched_local
2025-26,CHA,Josh Green,Josh Green,约什-格林,https://nba.hupu.com/players/joshgreen-152412.html,matched_local
2025-26,CHA,Kon Knueppel,Kon Knueppel,康-克尼普尔,https://nba.hupu.com/players/konknueppel-153273.html,matched_local
2025-26,CHA,LaMelo Ball,LaMelo Ball,拉梅洛-鲍尔,https://nba.hupu.com/players/lameloball-152355.html,matched_local
2025-26,CHA,Liam McNeeley,Liam McNeeley,利亚姆-麦克尼利,https://nba.hupu.com/players/liammcneeley-153274.html,matched_local
2025-26,CHA,Miles Bridges,Miles Bridges,迈尔斯-布里奇斯,https://nba.hupu.com/players/milesbridges-150440.html,matched_local
2025-26,CHA,Moussa DiabatÃ©,Moussa Diabaté,穆萨-迪亚巴特,https://nba.hupu.com/players/moussadiabate-152869.html,matched_local
2025-26,CHA,Pat Connaughton,Pat Connaughton,帕特-康诺顿,https://nba.hupu.com/players/patconnaughton-150050.html,matched_local
2025-26,CHA,PJ Hall,PJ Hall,P·J·霍尔,https://nba.hupu.com/players/pjhall-153169.html,matched_local
2025-26,CHA,Ryan Kalkbrenner,Ryan Kalkbrenner,瑞安-卡尔克布伦纳,https://nba.hupu.com/players/ryankalkbrenner-153303.html,matched_local
2025-26,CHA,Sion James,Sion James,西翁-詹姆斯,https://nba.hupu.com/players/sionjames-153304.html,matched_local
2025-26,CHA,Tidjane SalaÃ¼n,Tidjane Salaün,提贾尼·萨隆,https://nba.hupu.com/players/tidjanesalaun-153131.html,matched_local
2025-26,CHA,Tosan Evbuomwan,Tosan Evbuomwan,托桑·厄沃马,https://nba.hupu.com/players/tosanevbuomwan-153070.html,matched_local
2025-26,CHA,Tre Mann,Tre Mann,特雷-曼,https://nba.hupu.com/players/tremann-152645.html,matched_local
2025-26,CHA,Xavier Tillman,Xavier Tillman,泽维尔-蒂尔曼,https://nba.hupu.com/players/xaviertillman-152384.html,matched_local
2025-26,CHI,Anfernee Simons,Anfernee Simons,安芬尼-西蒙斯,https://nba.hupu.com/players/anferneesimons-150964.html,matched_local
2025-26,CHI,Collin Sexton,Collin Sexton,科林-塞克斯顿,https://nba.hupu.com/players/collinsexton-150952.html,matched_local
2025-26,CHI,Guerschon Yabusele,Guerschon Yabusele,盖尔雄-亚布塞莱,https://nba.hupu.com/players/guerschonyabusele-150218.html,matched_local
2025-26,CHI,Isaac Okoro,Isaac Okoro,艾萨克-奥科罗,https://nba.hupu.com/players/isaacokoro-152357.html,matched_local
2025-26,CHI,Jaden Ivey,Jaden Ivey,,,missing_hupu_match
2025-26,CHI,Jalen Smith,Jalen Smith,杰伦-史密斯,https://nba.hupu.com/players/jalensmith-152372.html,matched_local
2025-26,CHI,Josh Giddey,Josh Giddey,约什-吉迪,https://nba.hupu.com/players/joshgiddey-152646.html,matched_local
2025-26,CHI,Lachlan Olbrich,Lachlan Olbrich,拉克兰-奥尔布里奇,https://nba.hupu.com/players/lachlanolbrich-153342.html,matched_local
2025-26,CHI,Leonard Miller,Leonard Miller,伦纳德·米勒,https://nba.hupu.com/players/leonardmiller-153023.html,matched_local
2025-26,CHI,Mac McClung,Mac McClung,马克-麦克朗,https://nba.hupu.com/players/macmcclung-152616.html,matched_local
2025-26,CHI,Matas Buzelis,Matas Buzelis,马塔斯·布泽利斯,https://nba.hupu.com/players/matasbuzelis-153140.html,matched_local
2025-26,CHI,Mouhamadou Gueye,Mouhamadou Gueye,穆哈马杜-盖耶,https://nba.hupu.com/players/mouhamadougueye-152919.html,matched_local
2025-26,CHI,Nick Richards,Nick Richards,尼克-理查兹,https://nba.hupu.com/players/nickrichards-152397.html,matched_local
2025-26,CHI,Noa Essengue,Noa Essengue,诺阿-埃森格,https://nba.hupu.com/players/noaessengue-153279.html,matched_local
2025-26,CHI,Patrick Williams,Patrick Williams,帕特里克-威廉姆斯,https://nba.hupu.com/players/patrickwilliams-152363.html,matched_local
2025-26,CHI,Rob Dillingham,Rob Dillingham,罗伯特·迪林厄姆,https://nba.hupu.com/players/robdillingham-153117.html,matched_local
2025-26,CHI,Tre Jones,Tre Jones,特雷-琼斯,https://nba.hupu.com/players/trejones-152373.html,matched_local
2025-26,CHI,Trentyn Flowers,Trentyn Flowers,,,missing_hupu_match
2025-26,CHI,Yuki Kawamura,Yuki Kawamura,河村勇辉,https://nba.hupu.com/players/yukikawamura-153254.html,matched_local
2025-26,CHI,Zach Collins,Zach Collins,扎克-科林斯,https://nba.hupu.com/players/zachcollins-150461.html,matched_local
2025-26,CLE,Chris Livingston,Chris Livingston,,,missing_hupu_match
2025-26,CLE,Craig Porter Jr.,Craig Porter Jr.,小克雷格·波特,https://nba.hupu.com/players/craigporter-153042.html,matched_local
2025-26,CLE,Darius Brown,Darius Brown,,,missing_hupu_match
2025-26,CLE,Dean Wade,Dean Wade,迪恩-韦德,https://nba.hupu.com/players/deanwade-151776.html,matched_local
2025-26,CLE,Dennis SchrÃ¶der,Dennis Schröder,丹尼斯-施罗德,https://nba.hupu.com/players/dennisschroder-4776.html,matched_local
2025-26,CLE,Donovan Mitchell,Donovan Mitchell,多诺万-米切尔,https://nba.hupu.com/players/donovanmitchell-150510.html,matched_local
2025-26,CLE,Evan Mobley,Evan Mobley,埃文-莫布利,https://nba.hupu.com/players/evanmobley-152590.html,matched_local
2025-26,CLE,James Harden,James Harden,詹姆斯-哈登,https://nba.hupu.com/players/jamesharden-3306.html,matched_local
2025-26,CLE,Jarrett Allen,Jarrett Allen,贾勒特-阿伦,https://nba.hupu.com/players/jarrettallen-150441.html,matched_local
2025-26,CLE,Jaylon Tyson,Jaylon Tyson,杰隆·泰森,https://nba.hupu.com/players/jaylontyson-153111.html,matched_local
2025-26,CLE,Keon Ellis,Keon Ellis,基恩-埃利斯,https://nba.hupu.com/players/keonellis-152832.html,matched_local
2025-26,CLE,Larry Nance Jr.,Larry Nance Jr.,小拉里-南斯,https://nba.hupu.com/players/larrynance-150030.html,matched_local
2025-26,CLE,Lonzo Ball,Lonzo Ball,,,missing_hupu_match
2025-26,CLE,Luke Travers,Luke Travers,,,missing_hupu_match
2025-26,CLE,Max Strus,Max Strus,马克斯-斯特鲁斯,https://nba.hupu.com/players/maxstrus-152149.html,matched_local
2025-26,CLE,Nae'Qwan Tomlin,Nae'Qwan Tomlin,内匡-汤姆林,https://nba.hupu.com/players/naeqwantomlin-153236.html,matched_local
2025-26,CLE,Olivier Sarr,Olivier Sarr,奥利维尔-萨尔,https://nba.hupu.com/players/oliviersarr-152715.html,matched_local
2025-26,CLE,Riley Minix,Riley Minix,莱利·米尼克斯,https://nba.hupu.com/players/rileyminix-153208.html,matched_local
2025-26,CLE,Sam Merrill,Sam Merrill,萨姆-梅里尔,https://nba.hupu.com/players/sammerrill-152392.html,matched_local
2025-26,CLE,Thomas Bryant,Thomas Bryant,托马斯-布莱恩特,https://nba.hupu.com/players/thomasbryant-150489.html,matched_local
2025-26,CLE,Tristan Enaruna,Tristan Enaruna,特里斯坦-埃纳鲁纳,https://nba.hupu.com/players/tristanenaruna-153235.html,matched_local
2025-26,CLE,Tyrese Proctor,Tyrese Proctor,泰瑞斯-普洛克特,https://nba.hupu.com/players/tyreseproctor-153309.html,matched_local
2025-26,DAL,AJ Johnson,AJ Johnson,AJ·约翰逊,https://nba.hupu.com/players/ajjohnson-153135.html,matched_local
2025-26,DAL,Brandon Williams,Brandon Williams,布兰登-威廉姆斯,https://nba.hupu.com/players/brandonwilliams-152720.html,matched_local
2025-26,DAL,Caleb Martin,Caleb Martin,凯莱布-马丁,https://nba.hupu.com/players/calebmartin-150948.html,matched_local
2025-26,DAL,Cooper Flagg,Cooper Flagg,库珀-弗拉格,https://nba.hupu.com/players/cooperflagg-153280.html,matched_local
2025-26,DAL,Daniel Gafford,Daniel Gafford,丹尼尔-加福德,https://nba.hupu.com/players/danielgafford-151732.html,matched_local
2025-26,DAL,Dereck Lively II,Dereck Lively II,德雷克·莱夫利二世,https://nba.hupu.com/players/derecklively-152968.html,matched_local
2025-26,DAL,Dwight Powell,Dwight Powell,德怀特-鲍威尔,https://nba.hupu.com/players/dwightpowell-4967.html,matched_local
2025-26,DAL,Jeremiah Robinson-Earl,Jeremiah Robinson-Earl,,,missing_hupu_match
2025-26,DAL,John Poulakidas,John Poulakidas,约翰-波拉基达斯,https://nba.hupu.com/players/johnpoulakidas-153363.html,matched_local
2025-26,DAL,Khris Middleton,Khris Middleton,克里斯-米德尔顿,https://nba.hupu.com/players/khrismiddleton-3676.html,matched_local
2025-26,DAL,Klay Thompson,Klay Thompson,克莱-汤普森,https://nba.hupu.com/players/klaythompson-3564.html,matched_local
2025-26,DAL,Kyrie Irving,Kyrie Irving,凯里-欧文,https://nba.hupu.com/players/kyrieirving-3554.html,hupu_only
2025-26,DAL,Marvin Bagley III,Marvin Bagley III,马文-巴格利,https://nba.hupu.com/players/marvinbagley-150922.html,matched_local
2025-26,DAL,Max Christie,Max Christie,马克斯-克里斯蒂,https://nba.hupu.com/players/maxchristie-152870.html,matched_local
2025-26,DAL,Miles Kelly,Miles Kelly,,,missing_hupu_match
2025-26,DAL,Moussa Cisse,Moussa Cisse,穆萨-西塞,https://nba.hupu.com/players/moussacisse-153355.html,matched_local
2025-26,DAL,Naji Marshall,Naji Marshall,纳吉-马绍尔,https://nba.hupu.com/players/najimarshall-152402.html,matched_local
2025-26,DAL,P.J. Washington,P.J. Washington,PJ-华盛顿,https://nba.hupu.com/players/pjwashington-151712.html,matched_local
2025-26,DAL,Ryan Nembhard,Ryan Nembhard,瑞安-内姆布哈德,https://nba.hupu.com/players/ryannembhard-153345.html,matched_local
2025-26,DAL,Tyler Smith,Tyler Smith,泰勒·史密斯,https://nba.hupu.com/players/tylersmith-153154.html,matched_local
2025-26,DEN,Aaron Gordon,Aaron Gordon,阿龙-戈登,https://nba.hupu.com/players/aarongordon-4944.html,matched_local
2025-26,DEN,Bruce Brown,Bruce Brown,布鲁斯-布朗,https://nba.hupu.com/players/brucebrown-150941.html,matched_local
2025-26,DEN,Cameron Johnson,Cameron Johnson,卡梅伦-约翰逊,https://nba.hupu.com/players/cameronjohnson-151721.html,matched_local
2025-26,DEN,Christian Braun,Christian Braun,克里斯琴-布朗,https://nba.hupu.com/players/christianbraun-152840.html,matched_local
2025-26,DEN,Curtis Jones,Curtis Jones,柯蒂斯-琼斯,https://nba.hupu.com/players/curtisjones-153348.html,matched_local
2025-26,DEN,DaRon Holmes II,DaRon Holmes II,达隆·霍姆斯二世,https://nba.hupu.com/players/daronholmes-153112.html,matched_local
2025-26,DEN,David Roddy,David Roddy,大卫-罗迪,https://nba.hupu.com/players/davidroddy-152859.html,matched_local
2025-26,DEN,Hunter Tyson,Hunter Tyson,,,missing_hupu_match
2025-26,DEN,Jalen Pickett,Jalen Pickett,杰伦-皮克特,https://nba.hupu.com/players/jalenpickett-153002.html,matched_local
2025-26,DEN,Jamal Murray,Jamal Murray,贾马尔-默里,https://nba.hupu.com/players/jamalmurray-150167.html,matched_local
2025-26,DEN,Jonas ValanÄiÅ«nas,Jonas Valančiūnas,约纳斯-瓦兰丘纳斯,https://nba.hupu.com/players/jonasvalanciūnas-3558.html,matched_local
2025-26,DEN,Julian Strawther,Julian Strawther,朱利安·斯特劳瑟,https://nba.hupu.com/players/julianstrawther-152970.html,matched_local
2025-26,DEN,KJ Simpson,KJ Simpson,KJ·辛普森,https://nba.hupu.com/players/kjsimpson-153141.html,matched_local
2025-26,DEN,Nikola JokiÄ,Nikola Jokić,尼古拉-约基奇,https://nba.hupu.com/players/nikolajokic-4943.html,matched_local
2025-26,DEN,Peyton Watson,Peyton Watson,佩顿-沃特森,https://nba.hupu.com/players/peytonwatson-152856.html,matched_local
2025-26,DEN,Spencer Jones,Spencer Jones,斯宾塞·琼斯,https://nba.hupu.com/players/spencerjones-153231.html,matched_local
2025-26,DEN,Tim Hardaway Jr.,Tim Hardaway Jr.,小蒂姆-哈达威,https://nba.hupu.com/players/timhardaway-4814.html,matched_local
2025-26,DEN,Tyus Jones,Tyus Jones,泰厄斯-琼斯,https://nba.hupu.com/players/tyusjones-150038.html,matched_local
2025-26,DEN,Zeke Nnaji,Zeke Nnaji,齐克-纳吉,https://nba.hupu.com/players/zekennaji-152380.html,matched_local
2025-26,DET,Ausar Thompson,Ausar Thompson,奥萨尔·汤普森,https://nba.hupu.com/players/ausarthompson-152971.html,matched_local
2025-26,DET,Bobi Klintman,Bobi Klintman,,,missing_hupu_match
2025-26,DET,Cade Cunningham,Cade Cunningham,凯德-坎宁安,https://nba.hupu.com/players/cadecunningham-152593.html,matched_local
2025-26,DET,Caris LeVert,Caris LeVert,卡里斯-勒韦尔,https://nba.hupu.com/players/carislevert-150190.html,matched_local
2025-26,DET,Chaz Lanier,Chaz Lanier,查兹-兰尼尔,https://nba.hupu.com/players/chazlanier-153311.html,matched_local
2025-26,DET,Colby Jones,Colby Jones,,,missing_hupu_match
2025-26,DET,Daniss Jenkins,Daniss Jenkins,丹尼斯·詹金斯,https://nba.hupu.com/players/danissjenkins-153175.html,matched_local
2025-26,DET,Duncan Robinson,Duncan Robinson,邓肯-罗宾逊,https://nba.hupu.com/players/duncanrobinson-151372.html,matched_local
2025-26,DET,Isaac Jones,Isaac Jones,艾萨克·琼斯,https://nba.hupu.com/players/isaacjones-153180.html,matched_local
2025-26,DET,Isaiah Stewart,Isaiah Stewart,以赛亚-斯图尔特,https://nba.hupu.com/players/isaiahstewart-152413.html,matched_local
2025-26,DET,Jalen Duren,Jalen Duren,杰伦-杜伦,https://nba.hupu.com/players/jalenduren-152841.html,matched_local
2025-26,DET,Javonte Green,Javonte Green,贾文特-格林,https://nba.hupu.com/players/javontegreen-152148.html,matched_local
2025-26,DET,Kevin Huerter,Kevin Huerter,凯文-赫尔特,https://nba.hupu.com/players/kevinhuerter-151068.html,matched_local
2025-26,DET,Marcus Sasser,Marcus Sasser,马库斯·萨瑟,https://nba.hupu.com/players/marcussasser-152972.html,matched_local
2025-26,DET,Paul Reed,Paul Reed,保罗-里德,https://nba.hupu.com/players/paulreed-152374.html,matched_local
2025-26,DET,Ronald Holland II,Ronald Holland II,罗恩·霍兰二世,https://nba.hupu.com/players/ronaldholland-153139.html,matched_local
2025-26,DET,Tobias Harris,Tobias Harris,托拜厄斯-哈里斯,https://nba.hupu.com/players/tobiasharris-3572.html,matched_local
2025-26,DET,Tolu Smith,Tolu Smith,托卢-史密斯三世,https://nba.hupu.com/players/tolusmith-153258.html,matched_local
2025-26,DET,Wendell Moore Jr.,Wendell Moore Jr.,小温德尔-摩尔,https://nba.hupu.com/players/wendellmoore-152849.html,matched_local
2025-26,GSW,Al Horford,Al Horford,艾尔-霍福德,https://nba.hupu.com/players/alhorford-1239.html,matched_local
2025-26,GSW,Brandin Podziemski,Brandin Podziemski,布兰丁·波杰姆斯基,https://nba.hupu.com/players/brandinpodziemski-152973.html,matched_local
2025-26,GSW,Charles Bassey,Charles Bassey,查尔斯-巴锡,https://nba.hupu.com/players/charlesbassey-152637.html,matched_local
2025-26,GSW,De'Anthony Melton,De'Anthony Melton,丹东尼-梅尔顿,https://nba.hupu.com/players/deanthonymelton-150985.html,matched_local
2025-26,GSW,Draymond Green,Draymond Green,德雷蒙德-格林,https://nba.hupu.com/players/draymondgreen-3672.html,matched_local
2025-26,GSW,Gary Payton II,Gary Payton II,加里-佩顿二世,https://nba.hupu.com/players/garypayton-150400.html,matched_local
2025-26,GSW,Gui Santos,Gui Santos,桂-桑托斯,https://nba.hupu.com/players/guisantos-152892.html,matched_local
2025-26,GSW,Jimmy Butler III,Jimmy Butler III,吉米-巴特勒,https://nba.hupu.com/players/jimmybutler-3583.html,matched_local
2025-26,GSW,Kristaps PorziÅÄ£is,Kristaps Porziņģis,克里斯塔普斯-波尔津吉斯,https://nba.hupu.com/players/kristapsporziņģis-150039.html,matched_local
2025-26,GSW,LJ Cryer,LJ Cryer,LJ-克赖尔,https://nba.hupu.com/players/ljcryer-153375.html,matched_local
2025-26,GSW,Malevy Leons,Malevy Leons,马莱维-莱昂斯,https://nba.hupu.com/players/malevyleons-153250.html,matched_local
2025-26,GSW,Moses Moody,Moses Moody,摩西-穆迪,https://nba.hupu.com/players/mosesmoody-152598.html,matched_local
2025-26,GSW,Nate Williams,Nate Williams,吉纳森·威廉姆斯,https://nba.hupu.com/players/natewilliams-152948.html,matched_local
2025-26,GSW,Ãmer Yurtseven,Ömer Yurtseven,,,missing_hupu_match
2025-26,GSW,Pat Spencer,Pat Spencer,帕特-斯潘塞,https://nba.hupu.com/players/patspencer-152912.html,matched_local
2025-26,GSW,Quinten Post,Quinten Post,昆腾·波斯特,https://nba.hupu.com/players/quintenpost-153147.html,matched_local
2025-26,GSW,Seth Curry,Seth Curry,塞思-库里,https://nba.hupu.com/players/sethcurry-4798.html,matched_local
2025-26,GSW,Stephen Curry,Stephen Curry,斯蒂芬-库里,https://nba.hupu.com/players/stephencurry-3311.html,matched_local
2025-26,GSW,Will Richard,Will Richard,威尔-理查德,https://nba.hupu.com/players/willrichard-153313.html,matched_local
2025-26,HOU,Aaron Holiday,Aaron Holiday,阿龙-霍勒迪,https://nba.hupu.com/players/aaronholiday-150943.html,matched_local
2025-26,HOU,Alperen Sengun,Alperen Sengun,阿尔佩伦-申京,https://nba.hupu.com/players/alperensengun-152602.html,matched_local
2025-26,HOU,Amen Thompson,Amen Thompson,阿门·汤普森,https://nba.hupu.com/players/amenthompson-152975.html,matched_local
2025-26,HOU,Clint Capela,Clint Capela,克林特-卡佩拉,https://nba.hupu.com/players/clintcapela-4908.html,matched_local
2025-26,HOU,Dorian Finney-Smith,Dorian Finney-Smith,多里安-芬尼-史密斯,https://nba.hupu.com/players/dorianfinneysmith-150222.html,matched_local
2025-26,HOU,Fred VanVleet,Fred VanVleet,弗雷德-范弗利特,https://nba.hupu.com/players/fredvanvleet-150388.html,hupu_only
2025-26,HOU,Isaiah Crawford,Isaiah Crawford,以赛亚·克劳福德,https://nba.hupu.com/players/isaiahcrawford-153179.html,matched_local
2025-26,HOU,Jabari Smith Jr.,Jabari Smith Jr.,小贾巴里-史密斯,https://nba.hupu.com/players/jabarismith-152844.html,matched_local
2025-26,HOU,Jae'Sean Tate,Jae'Sean Tate,杰肖恩-泰特,https://nba.hupu.com/players/jaeseantate-152456.html,matched_local
2025-26,HOU,JD Davison,JD Davison,JD-戴维森,https://nba.hupu.com/players/jddavison-152863.html,matched_local
2025-26,HOU,Jeff Green,Jeff Green,杰夫-格林,https://nba.hupu.com/players/jeffgreen-1349.html,matched_local
2025-26,HOU,Josh Okogie,Josh Okogie,约什-奥科吉,https://nba.hupu.com/players/joshokogie-150991.html,matched_local
2025-26,HOU,Kevin Durant,Kevin Durant,凯文-杜兰特,https://nba.hupu.com/players/kevindurant-1236.html,matched_local
2025-26,HOU,Reed Sheppard,Reed Sheppard,里德·谢泼德,https://nba.hupu.com/players/reedsheppard-153113.html,matched_local
2025-26,HOU,Steven Adams,Steven Adams,史蒂文-亚当斯,https://nba.hupu.com/players/stevenadams-4829.html,matched_local
2025-26,HOU,Tari Eason,Tari Eason,塔里-伊森,https://nba.hupu.com/players/tarieason-152846.html,matched_local
2025-26,HOU,Tristen Newton,Tristen Newton,特里斯滕·牛顿,https://nba.hupu.com/players/tristennewton-153149.html,matched_local
2025-26,IND,Aaron Nesmith,Aaron Nesmith,阿龙-内史密斯,https://nba.hupu.com/players/aaronnesmith-152366.html,matched_local
2025-26,IND,Andrew Nembhard,Andrew Nembhard,安德鲁-内姆布哈德,https://nba.hupu.com/players/andrewnembhard-152867.html,matched_local
2025-26,IND,Ben Sheppard,Ben Sheppard,本·谢泼德,https://nba.hupu.com/players/bensheppard-152976.html,matched_local
2025-26,IND,Cody Martin,Cody Martin,,,missing_hupu_match
2025-26,IND,Ethan Thompson,Ethan Thompson,伊桑-汤普森,https://nba.hupu.com/players/ethanthompson-152671.html,matched_local
2025-26,IND,Garrison Mathews,Garrison Mathews,,,missing_hupu_match
2025-26,IND,Ivica Zubac,Ivica Zubac,伊维察-祖巴茨,https://nba.hupu.com/players/ivicazubac-150201.html,matched_local
2025-26,IND,Jalen Slawson,Jalen Slawson,杰伦-斯劳森,https://nba.hupu.com/players/jalenslawson-153015.html,matched_local
2025-26,IND,James Wiseman,James Wiseman,,,missing_hupu_match
2025-26,IND,Jarace Walker,Jarace Walker,贾雷斯-沃克,https://nba.hupu.com/players/jaracewalker-152977.html,matched_local
2025-26,IND,Jay Huff,Jay Huff,杰-胡夫,https://nba.hupu.com/players/jayhuff-152650.html,matched_local
2025-26,IND,Johnny Furphy,Johnny Furphy,约翰尼·弗菲,https://nba.hupu.com/players/johnnyfurphy-153148.html,matched_local
2025-26,IND,Kam Jones,Kam Jones,卡姆-琼斯,https://nba.hupu.com/players/kamjones-153315.html,matched_local
2025-26,IND,Kobe Brown,Kobe Brown,科比·布朗,https://nba.hupu.com/players/kobebrown-152978.html,matched_local
2025-26,IND,Micah Potter,Micah Potter,米卡-波特,https://nba.hupu.com/players/micahpotter-152677.html,matched_local
2025-26,IND,MontÃ© Morris,Monté Morris,,,missing_hupu_match
2025-26,IND,Obi Toppin,Obi Toppin,奥比-托平,https://nba.hupu.com/players/obitoppin-152360.html,matched_local
2025-26,IND,Pascal Siakam,Pascal Siakam,帕斯卡尔-西亚卡姆,https://nba.hupu.com/players/pascalsiakam-150219.html,matched_local
2025-26,IND,Quenton Jackson,Quenton Jackson,昆顿-杰克逊,https://nba.hupu.com/players/quentonjackson-152928.html,matched_local
2025-26,IND,Taelon Peter,Taelon Peter,泰隆-彼得,https://nba.hupu.com/players/taelonpeter-153316.html,matched_local
2025-26,IND,T.J. McConnell,T.J. McConnell,TJ-麦康奈尔,https://nba.hupu.com/players/tjmcconnell-150142.html,matched_local
2025-26,IND,Tyrese Haliburton,Tyrese Haliburton,泰雷斯-哈利伯顿,https://nba.hupu.com/players/tyresehaliburton-152359.html,hupu_only
2025-26,LAC,Bennedict Mathurin,Bennedict Mathurin,本尼迪克特-马瑟林,https://nba.hupu.com/players/bennedictmathurin-152847.html,matched_local
2025-26,LAC,Bogdan BogdanoviÄ,Bogdan Bogdanović,波格丹-波格丹诺维奇,https://nba.hupu.com/players/bogdanbogdanovic-150528.html,matched_local
2025-26,LAC,Bradley Beal,Bradley Beal,布拉德利-比尔,https://nba.hupu.com/players/bradleybeal-3640.html,matched_local
2025-26,LAC,Brook Lopez,Brook Lopez,布鲁克-洛佩斯,https://nba.hupu.com/players/brooklopez-3013.html,matched_local
2025-26,LAC,Cam Christie,Cam Christie,卡姆·克里斯蒂,https://nba.hupu.com/players/camchristie-153151.html,matched_local
2025-26,LAC,Chris Paul,Chris Paul,,,missing_hupu_match
2025-26,LAC,Darius Garland,Darius Garland,达里厄斯-加兰,https://nba.hupu.com/players/dariusgarland-151704.html,matched_local
2025-26,LAC,Derrick Jones Jr.,Derrick Jones Jr.,小德里克-琼斯,https://nba.hupu.com/players/derrickjones-150409.html,matched_local
2025-26,LAC,Isaiah Jackson,Isaiah Jackson,以赛亚-杰克逊,https://nba.hupu.com/players/isaiahjackson-152605.html,matched_local
2025-26,LAC,Jahmyl Telfort,Jahmyl Telfort,,,missing_hupu_match
2025-26,LAC,John Collins,John Collins,约翰-科林斯,https://nba.hupu.com/players/johncollins-150501.html,matched_local
2025-26,LAC,Jordan Miller,Jordan Miller,乔丹-米勒,https://nba.hupu.com/players/jordanmiller-153005.html,matched_local
2025-26,LAC,Kawhi Leonard,Kawhi Leonard,科怀-伦纳德,https://nba.hupu.com/players/kawhileonard-3568.html,matched_local
2025-26,LAC,Kobe Sanders,Kobe Sanders,科比-桑德斯,https://nba.hupu.com/players/kobesanders-153317.html,matched_local
2025-26,LAC,Kris Dunn,Kris Dunn,克里斯-邓恩,https://nba.hupu.com/players/krisdunn-150168.html,matched_local
2025-26,LAC,Nicolas Batum,Nicolas Batum,尼古拉斯-巴图姆,https://nba.hupu.com/players/nicolasbatum-3025.html,matched_local
2025-26,LAC,Norchad Omier,Norchad Omier,诺恰德-奥米尔,https://nba.hupu.com/players/norchadomier-153357.html,matched_local
2025-26,LAC,Sean Pedulla,Sean Pedulla,肖恩-佩杜拉,https://nba.hupu.com/players/seanpedulla-153390.html,matched_local
2025-26,LAC,TyTy Washington Jr.,TyTy Washington Jr.,泰泰-华盛顿,https://nba.hupu.com/players/tytywashington-152845.html,matched_local
2025-26,LAC,Yanic Konan NiederhÃ¤user,Yanic Konan Niederhäuser,亚尼克-科南-尼德豪泽,https://nba.hupu.com/players/yanickonanniederhauser-153281.html,matched_local
2025-26,LAL,Adou Thiero,Adou Thiero,阿杜-蒂耶罗,https://nba.hupu.com/players/adouthiero-153318.html,matched_local
2025-26,LAL,Austin Reaves,Austin Reaves,奥斯汀-里夫斯,https://nba.hupu.com/players/austinreaves-152614.html,matched_local
2025-26,LAL,Bronny James,Bronny James,布朗尼·詹姆斯,https://nba.hupu.com/players/bronnyjames-153152.html,matched_local
2025-26,LAL,Chris MaÃ±on,Chris Mañon,克里斯-马尼翁,https://nba.hupu.com/players/chrismanon-153349.html,matched_local
2025-26,LAL,Dalton Knecht,Dalton Knecht,道尔顿·克内克特,https://nba.hupu.com/players/daltonknecht-153114.html,matched_local
2025-26,LAL,Deandre Ayton,Deandre Ayton,德安德烈-艾顿,https://nba.hupu.com/players/deandreayton-150920.html,matched_local
2025-26,LAL,Drew Timme,Drew Timme,德鲁·蒂米,https://nba.hupu.com/players/drewtimme-153039.html,matched_local
2025-26,LAL,Jake LaRavia,Jake LaRavia,杰克-拉拉维亚,https://nba.hupu.com/players/jakelaravia-152860.html,matched_local
2025-26,LAL,Jarred Vanderbilt,Jarred Vanderbilt,贾里德-范德比尔特,https://nba.hupu.com/players/jarredvanderbilt-150993.html,matched_local
2025-26,LAL,Jaxson Hayes,Jaxson Hayes,贾克森-海斯,https://nba.hupu.com/players/jaxsonhayes-151702.html,matched_local
2025-26,LAL,Kobe Bufkin,Kobe Bufkin,,,missing_hupu_match
2025-26,LAL,LeBron James,LeBron James,勒布朗-詹姆斯,https://nba.hupu.com/players/lebronjames-650.html,matched_local
2025-26,LAL,Luka DonÄiÄ,Luka Dončić,卢卡-东契奇,https://nba.hupu.com/players/lukadoncic-150648.html,matched_local
2025-26,LAL,Luke Kennard,Luke Kennard,卢克-肯纳德,https://nba.hupu.com/players/lukekennard-150505.html,matched_local
2025-26,LAL,Marcus Smart,Marcus Smart,马库斯-斯马特,https://nba.hupu.com/players/marcussmart-4925.html,matched_local
2025-26,LAL,Maxi Kleber,Maxi Kleber,马克西-克勒贝尔,https://nba.hupu.com/players/maxikleber-150704.html,matched_local
2025-26,LAL,Nick Smith Jr.,Nick Smith Jr.,小尼克·史密斯,https://nba.hupu.com/players/nicksmith-152965.html,matched_local
2025-26,LAL,Rui Hachimura,Rui Hachimura,八村垒,https://nba.hupu.com/players/ruihachimura-151687.html,matched_local
2025-26,MEM,Adama Bal,Adama Bal,,,missing_hupu_match
2025-26,MEM,Brandon Clarke,Brandon Clarke,布兰登-克拉克,https://nba.hupu.com/players/brandonclarke-151716.html,matched_local
2025-26,MEM,Cam Spencer,Cam Spencer,卡梅隆·斯宾塞,https://nba.hupu.com/players/camspencer-153167.html,matched_local
2025-26,MEM,Cedric Coward,Cedric Coward,塞德里克-考沃德,https://nba.hupu.com/players/cedriccoward-153302.html,matched_local
2025-26,MEM,Dariq Whitehead,Dariq Whitehead,,,missing_hupu_match
2025-26,MEM,DeJon Jarreau,DeJon Jarreau,,,missing_hupu_match
2025-26,MEM,GG Jackson,GG Jackson,格雷格-杰克逊二世,https://nba.hupu.com/players/ggjackson-153020.html,matched_local
2025-26,MEM,Jahmai Mashack,Jahmai Mashack,贾迈-马沙克,https://nba.hupu.com/players/jahmaimashack-153314.html,matched_local
2025-26,MEM,Ja Morant,Ja Morant,贾-莫兰特,https://nba.hupu.com/players/jamorant-151686.html,matched_local
2025-26,MEM,Javon Small,Javon Small,贾文-斯莫尔,https://nba.hupu.com/players/javonsmall-153331.html,matched_local
2025-26,MEM,Jaylen Wells,Jaylen Wells,杰伦·威尔斯,https://nba.hupu.com/players/jaylenwells-153168.html,matched_local
2025-26,MEM,Kentavious Caldwell-Pope,Kentavious Caldwell-Pope,肯塔维厄斯-考德威尔-波普,https://nba.hupu.com/players/kentaviouscaldwellpope-4790.html,matched_local
2025-26,MEM,Lawson Lovering,Lawson Lovering,,,missing_hupu_match
2025-26,MEM,Lucas Williamson,Lucas Williamson,卢卡斯-威廉姆森,https://nba.hupu.com/players/lucaswilliamson-152932.html,matched_local
2025-26,MEM,Olivier-Maxence Prosper,Olivier-Maxence Prosper,奥利维耶·马克桑斯-普罗斯珀,https://nba.hupu.com/players/oliviermaxenceprosper-152969.html,matched_local
2025-26,MEM,Rayan Rupert,Rayan Rupert,拉扬·吕佩尔,https://nba.hupu.com/players/rayanrupert-153013.html,matched_local
2025-26,MEM,Santi Aldama,Santi Aldama,桑迪-阿尔达马,https://nba.hupu.com/players/santialdama-152659.html,matched_local
2025-26,MEM,Scotty Pippen Jr.,Scotty Pippen Jr.,小斯科蒂-皮彭,https://nba.hupu.com/players/scottypippen-152819.html,matched_local
2025-26,MEM,Taj Gibson,Taj Gibson,泰-吉布森,https://nba.hupu.com/players/tajgibson-3357.html,matched_local
2025-26,MEM,Taylor Hendricks,Taylor Hendricks,泰勒·亨德里克斯,https://nba.hupu.com/players/taylorhendricks-152991.html,matched_local
2025-26,MEM,Toby Okani,Toby Okani,,,missing_hupu_match
2025-26,MEM,Ty Jerome,Ty Jerome,泰-杰罗姆,https://nba.hupu.com/players/tyjerome-151717.html,matched_local
2025-26,MEM,Tyler Burton,Tyler Burton,,,missing_hupu_match
2025-26,MEM,Vince Williams Jr.,Vince Williams Jr.,,,missing_hupu_match
2025-26,MEM,Walter Clayton Jr.,Walter Clayton Jr.,沃尔特-克莱顿,https://nba.hupu.com/players/walterclayton-153297.html,matched_local
2025-26,MEM,Zach Edey,Zach Edey,扎克·埃迪,https://nba.hupu.com/players/zachedey-153130.html,matched_local
2025-26,MIA,Andrew Wiggins,Andrew Wiggins,安德鲁-威金斯,https://nba.hupu.com/players/andrewwiggins-4956.html,matched_local
2025-26,MIA,Bam Adebayo,Bam Adebayo,巴姆-阿德巴约,https://nba.hupu.com/players/bamadebayo-150509.html,matched_local
2025-26,MIA,Davion Mitchell,Davion Mitchell,戴维恩-米切尔,https://nba.hupu.com/players/davionmitchell-152640.html,matched_local
2025-26,MIA,Dru Smith,Dru Smith,德鲁-史密斯,https://nba.hupu.com/players/drusmith-152679.html,matched_local
2025-26,MIA,Jahmir Young,Jahmir Young,贾米尔-杨,https://nba.hupu.com/players/jahmiryoung-153241.html,matched_local
2025-26,MIA,Jaime Jaquez Jr.,Jaime Jaquez Jr.,小海梅-哈克斯,https://nba.hupu.com/players/jaimejaquez-152980.html,matched_local
2025-26,MIA,Kasparas JakuÄionis,Kasparas Jakučionis,卡斯帕拉斯-亚库契奥尼斯,https://nba.hupu.com/players/kasparasjakucionis-153282.html,matched_local
2025-26,MIA,Kel'el Ware,Kel'el Ware,凯莱尔·韦尔,https://nba.hupu.com/players/kelelware-153115.html,matched_local
2025-26,MIA,Keshad Johnson,Keshad Johnson,凯沙德·约翰逊,https://nba.hupu.com/players/keshadjohnson-153172.html,matched_local
2025-26,MIA,Myron Gardner,Myron Gardner,迈伦-加德纳,https://nba.hupu.com/players/myrongardner-153350.html,matched_local
2025-26,MIA,Nikola JoviÄ,Nikola Jović,尼科拉-约维奇,https://nba.hupu.com/players/nikolajovic-152882.html,matched_local
2025-26,MIA,Norman Powell,Norman Powell,诺曼-鲍威尔,https://nba.hupu.com/players/normanpowell-150062.html,matched_local
2025-26,MIA,Pelle Larsson,Pelle Larsson,尼科拉·久里西奇,https://nba.hupu.com/players/pellelarsson-153153.html,matched_local
2025-26,MIA,Simone Fontecchio,Simone Fontecchio,西莫内-丰泰基奥,https://nba.hupu.com/players/simonefontecchio-152901.html,matched_local
2025-26,MIA,Trevor Keels,Trevor Keels,特雷弗-基尔斯,https://nba.hupu.com/players/trevorkeels-152872.html,matched_local
2025-26,MIA,Tyler Herro,Tyler Herro,泰勒-希罗,https://nba.hupu.com/players/tylerherro-151713.html,matched_local
2025-26,MIA,Vladislav Goldin,Vladislav Goldin,弗拉季斯拉夫-戈尔金,https://nba.hupu.com/players/vladislavgoldin-153339.html,matched_local
2025-26,MIL,AJ Green,AJ Green,AJ-格林,https://nba.hupu.com/players/ajgreen-152817.html,matched_local
2025-26,MIL,Alex Antetokounmpo,Alex Antetokounmpo,亚历克斯-阿德托昆博,https://nba.hupu.com/players/alexantetokounmpo-153382.html,matched_local
2025-26,MIL,Andre Jackson Jr.,Andre Jackson Jr.,小安德烈·杰克逊,https://nba.hupu.com/players/andrejackson-153007.html,matched_local
2025-26,MIL,Bobby Portis,Bobby Portis,博比-波蒂斯,https://nba.hupu.com/players/bobbyportis-150009.html,matched_local
2025-26,MIL,Cam Thomas,Cam Thomas,,,missing_hupu_match
2025-26,MIL,Cole Anthony,Cole Anthony,,,missing_hupu_match
2025-26,MIL,Cormac Ryan,Cormac Ryan,科马克-瑞安,https://nba.hupu.com/players/cormacryan-153251.html,matched_local
2025-26,MIL,Gary Harris,Gary Harris,加里-哈里斯,https://nba.hupu.com/players/garyharris-4942.html,matched_local
2025-26,MIL,Gary Trent Jr.,Gary Trent Jr.,小加里-特伦特,https://nba.hupu.com/players/garytrent-150978.html,matched_local
2025-26,MIL,Giannis Antetokounmpo,Giannis Antetokounmpo,扬尼斯-阿德托昆博,https://nba.hupu.com/players/giannisantetokounmpo-4802.html,matched_local
2025-26,MIL,Jericho Sims,Jericho Sims,杰里科-西姆斯,https://nba.hupu.com/players/jerichosims-152630.html,matched_local
2025-26,MIL,Kevin Porter Jr.,Kevin Porter Jr.,小凯文-波特,https://nba.hupu.com/players/kevinporter-151714.html,matched_local
2025-26,MIL,Kyle Kuzma,Kyle Kuzma,凯尔-库兹马,https://nba.hupu.com/players/kylekuzma-150471.html,matched_local
2025-26,MIL,Mark Sears,Mark Sears,,,missing_hupu_match
2025-26,MIL,Myles Turner,Myles Turner,迈尔斯-特纳,https://nba.hupu.com/players/mylesturner-150026.html,matched_local
2025-26,MIL,Ousmane Dieng,Ousmane Dieng,乌斯曼-迪昂,https://nba.hupu.com/players/ousmanedieng-152881.html,matched_local
2025-26,MIL,Pete Nance,Pete Nance,皮特·南斯,https://nba.hupu.com/players/petenance-153059.html,matched_local
2025-26,MIL,Ryan Rollins,Ryan Rollins,莱恩-罗林斯,https://nba.hupu.com/players/ryanrollins-152866.html,matched_local
2025-26,MIL,Taurean Prince,Taurean Prince,托里恩-普林斯,https://nba.hupu.com/players/taureanprince-150188.html,matched_local
2025-26,MIL,Thanasis Antetokounmpo,Thanasis Antetokounmpo,萨纳西斯-阿德托昆博,https://nba.hupu.com/players/thanasisantetokounmpo-152125.html,matched_local
2025-26,MIN,Anthony Edwards,Anthony Edwards,安东尼-爱德华兹,https://nba.hupu.com/players/anthonyedwards-152352.html,matched_local
2025-26,MIN,Ayo Dosunmu,Ayo Dosunmu,阿约-多森姆,https://nba.hupu.com/players/ayodosunmu-152589.html,matched_local
2025-26,MIN,Bones Hyland,Bones Hyland,纳肖恩-海兰德,https://nba.hupu.com/players/boneshyland-152592.html,matched_local
2025-26,MIN,Donte DiVincenzo,Donte DiVincenzo,唐特-迪温琴佐,https://nba.hupu.com/players/dontedivincenzo-150960.html,matched_local
2025-26,MIN,Enrique Freeman,Enrique Freeman,恩里克·弗里曼,https://nba.hupu.com/players/enriquefreeman-153150.html,matched_local
2025-26,MIN,Jaden McDaniels,Jaden McDaniels,杰登-麦克丹尼尔斯,https://nba.hupu.com/players/jadenmcdaniels-152408.html,matched_local
2025-26,MIN,Jaylen Clark,Jaylen Clark,杰伦-克拉克,https://nba.hupu.com/players/jaylenclark-153010.html,matched_local
2025-26,MIN,Joan Beringer,Joan Beringer,若昂-贝兰热,https://nba.hupu.com/players/joanberinger-153283.html,matched_local
2025-26,MIN,Joe Ingles,Joe Ingles,乔-英格尔斯,https://nba.hupu.com/players/joeingles-4998.html,matched_local
2025-26,MIN,Johnny Juzang,Johnny Juzang,,,missing_hupu_match
2025-26,MIN,Julian Phillips,Julian Phillips,朱利安-菲利普斯,https://nba.hupu.com/players/julianphillips-152999.html,matched_local
2025-26,MIN,Julius Randle,Julius Randle,朱利叶斯-兰德尔,https://nba.hupu.com/players/juliusrandle-4932.html,matched_local
2025-26,MIN,Kyle Anderson,Kyle Anderson,凯尔-安德森,https://nba.hupu.com/players/kyleanderson-4917.html,matched_local
2025-26,MIN,Mike Conley,Mike Conley,迈克-康利,https://nba.hupu.com/players/mikeconley-1411.html,matched_local
2025-26,MIN,Naz Reid,Naz Reid,纳兹-里德,https://nba.hupu.com/players/nazreid-151960.html,matched_local
2025-26,MIN,Rocco Zikarsky,Rocco Zikarsky,罗科-齐卡尔斯基,https://nba.hupu.com/players/roccozikarsky-153320.html,matched_local
2025-26,MIN,Rudy Gobert,Rudy Gobert,鲁迪-戈贝尔,https://nba.hupu.com/players/rudygobert-4834.html,matched_local
2025-26,MIN,Terrence Shannon Jr.,Terrence Shannon Jr.,小特伦斯·香农,https://nba.hupu.com/players/terrenceshannon-153116.html,matched_local
2025-26,MIN,Zyon Pullin,Zyon Pullin,锡恩·普林,https://nba.hupu.com/players/zyonpullin-153184.html,matched_local
2025-26,NOP,Bryce McGowens,Bryce McGowens,布赖斯-麦高文斯,https://nba.hupu.com/players/brycemcgowens-152861.html,matched_local
2025-26,NOP,DeAndre Jordan,DeAndre Jordan,德安德烈-乔丹,https://nba.hupu.com/players/deandrejordan-3014.html,matched_local
2025-26,NOP,Dejounte Murray,Dejounte Murray,德章泰-默里,https://nba.hupu.com/players/dejountemurray-150181.html,matched_local
2025-26,NOP,Derik Queen,Derik Queen,德里克-奎因,https://nba.hupu.com/players/derikqueen-153278.html,matched_local
2025-26,NOP,Herbert Jones,Herbert Jones,赫伯特-琼斯,https://nba.hupu.com/players/herbertjones-152587.html,matched_local
2025-26,NOP,Hunter Dickinson,Hunter Dickinson,亨特-迪金森,https://nba.hupu.com/players/hunterdickinson-153335.html,matched_local
2025-26,NOP,Jeremiah Fears,Jeremiah Fears,杰里迈亚-费尔斯,https://nba.hupu.com/players/jeremiahfears-153277.html,matched_local
2025-26,NOP,Jordan Hawkins,Jordan Hawkins,乔丹·霍金斯,https://nba.hupu.com/players/jordanhawkins-152967.html,matched_local
2025-26,NOP,Jordan Poole,Jordan Poole,乔丹-普尔,https://nba.hupu.com/players/jordanpoole-151747.html,matched_local
2025-26,NOP,Josh Oduro,Josh Oduro,约什-奥杜罗,https://nba.hupu.com/players/joshoduro-153267.html,matched_local
2025-26,NOP,Karlo MatkoviÄ,Karlo Matković,马尔科-托多洛维奇,https://nba.hupu.com/players/karlomatkovic-152888.html,matched_local
2025-26,NOP,Kevon Looney,Kevon Looney,凯文-卢尼,https://nba.hupu.com/players/kevonlooney-150023.html,matched_local
2025-26,NOP,Micah Peavy,Micah Peavy,迈卡-皮维,https://nba.hupu.com/players/micahpeavy-153307.html,matched_local
2025-26,NOP,Saddiq Bey,Saddiq Bey,萨迪克-贝,https://nba.hupu.com/players/saddiqbey-152362.html,matched_local
2025-26,NOP,Trey Alexander,Trey Alexander,特雷·亚历山大,https://nba.hupu.com/players/treyalexander-153226.html,matched_local
2025-26,NOP,Trey Murphy III,Trey Murphy III,特雷-墨菲,https://nba.hupu.com/players/treymurphy-152586.html,matched_local
2025-26,NOP,Yves Missi,Yves Missi,伊夫·蜜西,https://nba.hupu.com/players/yvesmissi-153110.html,matched_local
2025-26,NOP,Zion Williamson,Zion Williamson,蔡恩-威廉森,https://nba.hupu.com/players/zionwilliamson-151669.html,matched_local
2025-26,NYK,Ariel Hukporti,Ariel Hukporti,阿里尔·胡克波尔蒂,https://nba.hupu.com/players/arielhukporti-153157.html,matched_local
2025-26,NYK,Dillon Jones,Dillon Jones,狄龙·琼斯,https://nba.hupu.com/players/dillonjones-153124.html,matched_local
2025-26,NYK,Jalen Brunson,Jalen Brunson,杰伦-布伦森,https://nba.hupu.com/players/jalenbrunson-150988.html,matched_local
2025-26,NYK,Jeremy Sochan,Jeremy Sochan,杰里米-索汉,https://nba.hupu.com/players/jeremysochan-152853.html,matched_local
2025-26,NYK,Jordan Clarkson,Jordan Clarkson,乔丹-克拉克森,https://nba.hupu.com/players/jordanclarkson-4933.html,matched_local
2025-26,NYK,Jose Alvarado,Jose Alvarado,约瑟-阿尔瓦拉多,https://nba.hupu.com/players/josealvarado-152588.html,matched_local
2025-26,NYK,Josh Hart,Josh Hart,约什-哈特,https://nba.hupu.com/players/joshhart-150488.html,matched_local
2025-26,NYK,Karl-Anthony Towns,Karl-Anthony Towns,卡尔-安东尼-唐斯,https://nba.hupu.com/players/karlanthonytowns-150037.html,matched_local
2025-26,NYK,Kevin McCullar Jr.,Kevin McCullar Jr.,凯文·麦卡勒,https://nba.hupu.com/players/kevinmccullar-153155.html,matched_local
2025-26,NYK,Landry Shamet,Landry Shamet,兰德里-沙梅特,https://nba.hupu.com/players/landryshamet-150977.html,matched_local
2025-26,NYK,Mikal Bridges,Mikal Bridges,米卡尔-布里奇斯,https://nba.hupu.com/players/mikalbridges-150953.html,matched_local
2025-26,NYK,Miles McBride,Miles McBride,迈尔斯-麦克布莱德,https://nba.hupu.com/players/milesmcbride-152627.html,matched_local
2025-26,NYK,Mitchell Robinson,Mitchell Robinson,米切尔-罗宾逊,https://nba.hupu.com/players/mitchellrobinson-150969.html,matched_local
2025-26,NYK,Mohamed Diawara,Mohamed Diawara,穆罕默德-迪亚瓦拉,https://nba.hupu.com/players/mohameddiawara-153321.html,matched_local
2025-26,NYK,OG Anunoby,OG Anunoby,OG-阿奴诺比,https://nba.hupu.com/players/oganunoby-150508.html,matched_local
2025-26,NYK,PacÃ´me Dadiet,Pacôme Dadiet,帕科姆·达迪耶,https://nba.hupu.com/players/pacomedadiet-153136.html,matched_local
2025-26,NYK,Trey Jemison III,Trey Jemison III,特雷·杰米森,https://nba.hupu.com/players/treyjemison-153082.html,matched_local
2025-26,NYK,Tyler Kolek,Tyler Kolek,泰勒·科勒克,https://nba.hupu.com/players/tylerkolek-153156.html,matched_local
2025-26,OKC,Aaron Wiggins,Aaron Wiggins,阿龙-威金斯,https://nba.hupu.com/players/aaronwiggins-152648.html,matched_local
2025-26,OKC,Ajay Mitchell,Ajay Mitchell,阿杰·米切尔,https://nba.hupu.com/players/ajaymitchell-153162.html,matched_local
2025-26,OKC,Alex Caruso,Alex Caruso,亚历克斯-卡鲁索,https://nba.hupu.com/players/alexcaruso-150418.html,matched_local
2025-26,OKC,Branden Carlson,Branden Carlson,布兰登·卡尔森,https://nba.hupu.com/players/brandencarlson-153182.html,matched_local
2025-26,OKC,Brooks Barnhizer,Brooks Barnhizer,布鲁克斯-巴恩海泽,https://nba.hupu.com/players/brooksbarnhizer-153327.html,matched_local
2025-26,OKC,Buddy Boeheim,Buddy Boeheim,,,missing_hupu_match
2025-26,OKC,Cason Wallace,Cason Wallace,卡森·华莱士,https://nba.hupu.com/players/casonwallace-152988.html,matched_local
2025-26,OKC,Chet Holmgren,Chet Holmgren,切特-霍姆格伦,https://nba.hupu.com/players/chetholmgren-152857.html,matched_local
2025-26,OKC,Isaiah Hartenstein,Isaiah Hartenstein,以赛亚-哈尔滕施泰因,https://nba.hupu.com/players/isaiahhartenstein-151386.html,matched_local
2025-26,OKC,Isaiah Joe,Isaiah Joe,以赛亚-乔,https://nba.hupu.com/players/isaiahjoe-152391.html,matched_local
2025-26,OKC,Jalen Williams,Jalen Williams,杰伦-威廉姆斯,https://nba.hupu.com/players/jalenwilliams-152855.html,matched_local
2025-26,OKC,Jared McCain,Jared McCain,贾里德·麦凯恩,https://nba.hupu.com/players/jaredmccain-153119.html,matched_local
2025-26,OKC,Jaylin Williams,Jaylin Williams,杰林-威廉姆斯,https://nba.hupu.com/players/jaylinwilliams-152875.html,matched_local
2025-26,OKC,Kenrich Williams,Kenrich Williams,肯里奇-威廉姆斯,https://nba.hupu.com/players/kenrichwilliams-151382.html,matched_local
2025-26,OKC,Luguentz Dort,Luguentz Dort,吕冈茨-多尔特,https://nba.hupu.com/players/luguentzdort-151725.html,matched_local
2025-26,OKC,Nikola TopiÄ,Nikola Topić,尼古拉·托皮奇,https://nba.hupu.com/players/nikolatopic-153137.html,matched_local
2025-26,OKC,Payton Sandfort,Payton Sandfort,佩顿-桑福特,https://nba.hupu.com/players/paytonsandfort-153392.html,matched_local
2025-26,OKC,Shai Gilgeous-Alexander,Shai Gilgeous-Alexander,谢伊-吉尔杰斯-亚历山大,https://nba.hupu.com/players/shaigilgeousalexander-150959.html,matched_local
2025-26,OKC,Thomas Sorber,Thomas Sorber,托马斯-索伯,https://nba.hupu.com/players/thomassorber-153296.html,hupu_only
2025-26,ORL,Alex Morales,Alex Morales,亚历克斯-莫拉莱斯,https://nba.hupu.com/players/alexmorales-153060.html,matched_local
2025-26,ORL,Anthony Black,Anthony Black,安东尼·布莱克,https://nba.hupu.com/players/anthonyblack-152983.html,matched_local
2025-26,ORL,Colin Castleton,Colin Castleton,科林·卡斯尔顿,https://nba.hupu.com/players/colincastleton-153044.html,matched_local
2025-26,ORL,Desmond Bane,Desmond Bane,德斯蒙德-贝恩,https://nba.hupu.com/players/desmondbane-152407.html,matched_local
2025-26,ORL,Franz Wagner,Franz Wagner,弗朗茨-瓦格纳,https://nba.hupu.com/players/franzwagner-152632.html,matched_local
2025-26,ORL,Goga Bitadze,Goga Bitadze,戈加-比塔泽,https://nba.hupu.com/players/gogabitadze-150936.html,matched_local
2025-26,ORL,Jalen Suggs,Jalen Suggs,杰伦-萨格斯,https://nba.hupu.com/players/jalensuggs-152633.html,matched_local
2025-26,ORL,Jamal Cain,Jamal Cain,贾马尔-凯恩,https://nba.hupu.com/players/jamalcain-152943.html,matched_local
2025-26,ORL,Jase Richardson,Jase Richardson,杰斯-理查德森,https://nba.hupu.com/players/jaserichardson-153289.html,matched_local
2025-26,ORL,Jett Howard,Jett Howard,杰特·霍华德,https://nba.hupu.com/players/jetthoward-152984.html,matched_local
2025-26,ORL,Jevon Carter,Jevon Carter,杰文-卡特,https://nba.hupu.com/players/jevoncarter-150984.html,matched_local
2025-26,ORL,Jonathan Isaac,Jonathan Isaac,乔纳森-艾萨克,https://nba.hupu.com/players/jonathanisaac-150435.html,matched_local
2025-26,ORL,Moritz Wagner,Moritz Wagner,莫里茨-瓦格纳,https://nba.hupu.com/players/moritzwagner-150989.html,matched_local
2025-26,ORL,Noah Penda,Noah Penda,诺阿-庞达,https://nba.hupu.com/players/noahpenda-153322.html,matched_local
2025-26,ORL,Orlando Robinson,Orlando Robinson,,,missing_hupu_match
2025-26,ORL,Paolo Banchero,Paolo Banchero,保罗-班切罗,https://nba.hupu.com/players/paolobanchero-152850.html,matched_local
2025-26,ORL,Tristan da Silva,Tristan da Silva,特里斯坦-达·席尔瓦,https://nba.hupu.com/players/tristandasilva-153118.html,matched_local
2025-26,ORL,Wendell Carter Jr.,Wendell Carter Jr.,温德尔-卡特,https://nba.hupu.com/players/wendellcarter-150957.html,matched_local
2025-26,PHI,Adem Bona,Adem Bona,阿德姆·博纳,https://nba.hupu.com/players/adembona-153158.html,matched_local
2025-26,PHI,Andre Drummond,Andre Drummond,安德烈-德拉蒙德,https://nba.hupu.com/players/andredrummond-3646.html,matched_local
2025-26,PHI,Cameron Payne,Cameron Payne,,,missing_hupu_match
2025-26,PHI,Dalen Terry,Dalen Terry,达伦-特里,https://nba.hupu.com/players/dalenterry-152838.html,matched_local
2025-26,PHI,Dominick Barlow,Dominick Barlow,多米尼克-巴洛,https://nba.hupu.com/players/dominickbarlow-152894.html,matched_local
2025-26,PHI,Eric Gordon,Eric Gordon,,,missing_hupu_match
2025-26,PHI,Hunter Sallis,Hunter Sallis,,,missing_hupu_match
2025-26,PHI,Jabari Walker,Jabari Walker,贾巴里-沃克,https://nba.hupu.com/players/jabariwalker-152874.html,matched_local
2025-26,PHI,Joel Embiid,Joel Embiid,乔尔-恩比德,https://nba.hupu.com/players/joelembiid-4958.html,matched_local
2025-26,PHI,Johni Broome,Johni Broome,约翰尼-布鲁姆,https://nba.hupu.com/players/johnibroome-153323.html,matched_local
2025-26,PHI,Justin Edwards,Justin Edwards,贾斯汀·爱德华兹,https://nba.hupu.com/players/justinedwards-153173.html,matched_local
2025-26,PHI,Kelly Oubre Jr.,Kelly Oubre Jr.,凯利-乌布雷,https://nba.hupu.com/players/kellyoubre-150057.html,matched_local
2025-26,PHI,Kyle Lowry,Kyle Lowry,凯尔-洛瑞,https://nba.hupu.com/players/kylelowry-1244.html,matched_local
2025-26,PHI,MarJon Beauchamp,MarJon Beauchamp,马乔恩-比彻姆,https://nba.hupu.com/players/marjonbeauchamp-152883.html,matched_local
2025-26,PHI,Paul George,Paul George,保罗-乔治,https://nba.hupu.com/players/paulgeorge-3458.html,matched_local
2025-26,PHI,Quentin Grimes,Quentin Grimes,昆廷-格兰姆斯,https://nba.hupu.com/players/quentingrimes-152631.html,matched_local
2025-26,PHI,Trendon Watford,Trendon Watford,特伦登-沃特福特,https://nba.hupu.com/players/trendonwatford-152639.html,matched_local
2025-26,PHI,Tyrese Martin,Tyrese Martin,泰雷斯-马丁,https://nba.hupu.com/players/tyresemartin-152862.html,matched_local
2025-26,PHI,Tyrese Maxey,Tyrese Maxey,泰雷斯-马克西,https://nba.hupu.com/players/tyresemaxey-152368.html,matched_local
2025-26,PHI,VJ Edgecombe,VJ Edgecombe,VJ-埃奇库姆,https://nba.hupu.com/players/vjedgecombe-153290.html,matched_local
2025-26,PHX,Amir Coffey,Amir Coffey,阿米尔-科菲,https://nba.hupu.com/players/amircoffey-152067.html,matched_local
2025-26,PHX,CJ Huntley,CJ Huntley,CJ-亨特利,https://nba.hupu.com/players/cjhuntley-153346.html,matched_local
2025-26,PHX,Collin Gillespie,Collin Gillespie,科林-吉莱斯皮,https://nba.hupu.com/players/collingillespie-152820.html,matched_local
2025-26,PHX,Devin Booker,Devin Booker,德文-布克,https://nba.hupu.com/players/devinbooker-150044.html,matched_local
2025-26,PHX,Dillon Brooks,Dillon Brooks,狄龙-布鲁克斯,https://nba.hupu.com/players/dillonbrooks-150497.html,matched_local
2025-26,PHX,Grayson Allen,Grayson Allen,格雷森-阿伦,https://nba.hupu.com/players/graysonallen-150946.html,matched_local
2025-26,PHX,Haywood Highsmith,Haywood Highsmith,海伍德-海史密斯,https://nba.hupu.com/players/haywoodhighsmith-151672.html,matched_local
2025-26,PHX,Isaiah Livers,Isaiah Livers,以赛亚-利弗斯,https://nba.hupu.com/players/isaiahlivers-152597.html,matched_local
2025-26,PHX,Jalen Green,Jalen Green,杰伦-格林,https://nba.hupu.com/players/jalengreen-152604.html,matched_local
2025-26,PHX,Jamaree Bouyea,Jamaree Bouyea,贾马雷-布耶,https://nba.hupu.com/players/jamareebouyea-152834.html,matched_local
2025-26,PHX,Jordan Goodwin,Jordan Goodwin,乔丹-古德温,https://nba.hupu.com/players/jordangoodwin-152662.html,matched_local
2025-26,PHX,Khaman Maluach,Khaman Maluach,卡曼-马卢阿奇,https://nba.hupu.com/players/khamanmaluach-153291.html,matched_local
2025-26,PHX,Koby Brea,Koby Brea,科比-布雷亚,https://nba.hupu.com/players/kobybrea-153324.html,matched_local
2025-26,PHX,Mark Williams,Mark Williams,马克-威廉姆斯,https://nba.hupu.com/players/markwilliams-152835.html,matched_local
2025-26,PHX,Nigel Hayes-Davis,Nigel Hayes-Davis,,,missing_hupu_match
2025-26,PHX,Oso Ighodaro,Oso Ighodaro,奥索·伊戈达罗,https://nba.hupu.com/players/osoighodaro-153159.html,matched_local
2025-26,PHX,Rasheer Fleming,Rasheer Fleming,拉希尔・弗莱明,https://nba.hupu.com/players/rasheerfleming-153325.html,matched_local
2025-26,PHX,Royce O'Neale,Royce O'Neale,罗伊斯-奥尼尔,https://nba.hupu.com/players/royceoneale-150839.html,matched_local
2025-26,PHX,Ryan Dunn,Ryan Dunn,瑞安·邓恩,https://nba.hupu.com/players/ryandunn-153120.html,matched_local
2025-26,POR,Blake Wesley,Blake Wesley,布雷克-韦斯利,https://nba.hupu.com/players/blakewesley-152852.html,matched_local
2025-26,POR,Caleb Love,Caleb Love,凯莱布-乐福,https://nba.hupu.com/players/caleblove-153341.html,matched_local
2025-26,POR,Chris Youngblood,Chris Youngblood,克里斯-扬布拉德,https://nba.hupu.com/players/chrisyoungblood-153367.html,matched_local
2025-26,POR,Damian Lillard,Damian Lillard,达米安-利拉德,https://nba.hupu.com/players/damianlillard-3643.html,hupu_only
2025-26,POR,Deni Avdija,Deni Avdija,德尼-阿夫迪亚,https://nba.hupu.com/players/deniavdija-152356.html,matched_local
2025-26,POR,Donovan Clingan,Donovan Clingan,多诺万·克林根,https://nba.hupu.com/players/donovanclingan-153121.html,matched_local
2025-26,POR,Duop Reath,Duop Reath,,,missing_hupu_match
2025-26,POR,Javonte Cooke,Javonte Cooke,,,missing_hupu_match
2025-26,POR,Jayson Kent,Jayson Kent,杰森-肯特,https://nba.hupu.com/players/jaysonkent-153393.html,matched_local
2025-26,POR,Jerami Grant,Jerami Grant,杰拉米-格兰特,https://nba.hupu.com/players/jeramigrant-4961.html,matched_local
2025-26,POR,Jrue Holiday,Jrue Holiday,朱-霍勒迪,https://nba.hupu.com/players/jrueholiday-3346.html,matched_local
2025-26,POR,Kris Murray,Kris Murray,克里斯·默里,https://nba.hupu.com/players/krismurray-152985.html,matched_local
2025-26,POR,Matisse Thybulle,Matisse Thybulle,马蒂斯-赛布尔,https://nba.hupu.com/players/matissethybulle-151724.html,matched_local
2025-26,POR,Robert Williams III,Robert Williams III,罗伯特-威廉姆斯,https://nba.hupu.com/players/robertwilliams-150962.html,matched_local
2025-26,POR,Scoot Henderson,Scoot Henderson,斯库特·亨德森,https://nba.hupu.com/players/scoothenderson-153022.html,matched_local
2025-26,POR,Shaedon Sharpe,Shaedon Sharpe,谢登-夏普,https://nba.hupu.com/players/shaedonsharpe-152880.html,matched_local
2025-26,POR,Sidy Cissoko,Sidy Cissoko,西迪·西索科,https://nba.hupu.com/players/sidycissoko-153024.html,matched_local
2025-26,POR,Toumani Camara,Toumani Camara,图马尼-卡马拉,https://nba.hupu.com/players/toumanicamara-153012.html,matched_local
2025-26,POR,VÃ­t KrejÄÃ­,Vít Krejčí,维特-克雷伊奇,https://nba.hupu.com/players/vitkrejci-152414.html,matched_local
2025-26,POR,Yang Hansen,Yang Hansen,杨瀚森,https://nba.hupu.com/players/yanghansen-153292.html,matched_local
2025-26,SAC,Daeqwon Plowden,Daeqwon Plowden,戴奎翁-普劳登,https://nba.hupu.com/players/daeqwonplowden-152921.html,matched_local
2025-26,SAC,DaQuan Jeffries,DaQuan Jeffries,,,missing_hupu_match
2025-26,SAC,Dario Å ariÄ,Dario Šarić,,,missing_hupu_match
2025-26,SAC,De'Andre Hunter,De'Andre Hunter,德安德烈-亨特,https://nba.hupu.com/players/deandrehunter-151703.html,matched_local
2025-26,SAC,DeMar DeRozan,DeMar DeRozan,德马尔-德罗赞,https://nba.hupu.com/players/demarderozan-3314.html,matched_local
2025-26,SAC,Devin Carter,Devin Carter,德文·卡特,https://nba.hupu.com/players/devincarter-153122.html,matched_local
2025-26,SAC,Domantas Sabonis,Domantas Sabonis,多曼塔斯-萨博尼斯,https://nba.hupu.com/players/domantassabonis-150175.html,matched_local
2025-26,SAC,Doug McDermott,Doug McDermott,道格-麦克德莫特,https://nba.hupu.com/players/dougmcdermott-4927.html,matched_local
2025-26,SAC,Drew Eubanks,Drew Eubanks,德鲁-尤班克斯,https://nba.hupu.com/players/dreweubanks-151424.html,matched_local
2025-26,SAC,Dylan Cardwell,Dylan Cardwell,迪伦-卡德韦尔,https://nba.hupu.com/players/dylancardwell-153344.html,matched_local
2025-26,SAC,Isaiah Stevens,Isaiah Stevens,以赛亚-史蒂文斯,https://nba.hupu.com/players/isaiahstevens-153225.html,matched_local
2025-26,SAC,Keegan Murray,Keegan Murray,基根-穆雷,https://nba.hupu.com/players/keeganmurray-152851.html,matched_local
2025-26,SAC,Killian Hayes,Killian Hayes,基利安-海斯,https://nba.hupu.com/players/killianhayes-152358.html,matched_local
2025-26,SAC,Malik Monk,Malik Monk,马利克-蒙克,https://nba.hupu.com/players/malikmonk-150437.html,matched_local
2025-26,SAC,Maxime Raynaud,Maxime Raynaud,马克西姆-雷诺,https://nba.hupu.com/players/maximeraynaud-153326.html,matched_local
2025-26,SAC,Nique Clifford,Nique Clifford,尼克-克利福德,https://nba.hupu.com/players/niqueclifford-153293.html,matched_local
2025-26,SAC,Patrick Baldwin Jr.,Patrick Baldwin Jr.,小帕特里克-鲍德温,https://nba.hupu.com/players/patrickbaldwin-152843.html,matched_local
2025-26,SAC,Precious Achiuwa,Precious Achiuwa,普雷舍斯-阿丘瓦,https://nba.hupu.com/players/preciousachiuwa-152364.html,matched_local
2025-26,SAC,Russell Westbrook,Russell Westbrook,拉塞尔-威斯布鲁克,https://nba.hupu.com/players/russellwestbrook-3016.html,matched_local
2025-26,SAC,Zach LaVine,Zach LaVine,扎克-拉文,https://nba.hupu.com/players/zachlavine-4911.html,matched_local
2025-26,SAS,Bismack Biyombo,Bismack Biyombo,俾斯麦-比永博,https://nba.hupu.com/players/bismackbiyombo-3560.html,matched_local
2025-26,SAS,Carter Bryant,Carter Bryant,卡特-布莱恩特,https://nba.hupu.com/players/carterbryant-153294.html,matched_local
2025-26,SAS,David Jones Garcia,David Jones Garcia,大卫·琼斯,https://nba.hupu.com/players/davidjonesgarcia-153217.html,matched_local
2025-26,SAS,De'Aaron Fox,De'Aaron Fox,达龙-福克斯,https://nba.hupu.com/players/deaaronfox-150434.html,matched_local
2025-26,SAS,Devin Vassell,Devin Vassell,德文-瓦塞尔,https://nba.hupu.com/players/devinvassell-152367.html,matched_local
2025-26,SAS,Dylan Harper,Dylan Harper,迪伦-哈珀,https://nba.hupu.com/players/dylanharper-153295.html,matched_local
2025-26,SAS,Emanuel Miller,Emanuel Miller,伊曼纽尔-米勒,https://nba.hupu.com/players/emanuelmiller-153249.html,matched_local
2025-26,SAS,Harrison Barnes,Harrison Barnes,哈里森-巴恩斯,https://nba.hupu.com/players/harrisonbarnes-3644.html,matched_local
2025-26,SAS,Harrison Ingram,Harrison Ingram,哈里森·英格拉姆,https://nba.hupu.com/players/harrisoningram-153161.html,matched_local
2025-26,SAS,Jordan McLaughlin,Jordan McLaughlin,乔丹-麦克劳克林,https://nba.hupu.com/players/jordanmclaughlin-151413.html,matched_local
2025-26,SAS,Julian Champagnie,Julian Champagnie,朱利安-尚彭尼,https://nba.hupu.com/players/julianchampagnie-152896.html,matched_local
2025-26,SAS,Keldon Johnson,Keldon Johnson,凯尔登-约翰逊,https://nba.hupu.com/players/keldonjohnson-151710.html,matched_local
2025-26,SAS,Kelly Olynyk,Kelly Olynyk,凯利-奥利尼克,https://nba.hupu.com/players/kellyolynyk-4779.html,matched_local
2025-26,SAS,Lindy Waters III,Lindy Waters III,林迪-沃特斯三世,https://nba.hupu.com/players/lindywaters-152728.html,matched_local
2025-26,SAS,Luke Kornet,Luke Kornet,卢克-科内特,https://nba.hupu.com/players/lukekornet-150789.html,matched_local
2025-26,SAS,Mason Plumlee,Mason Plumlee,梅森-普拉姆利,https://nba.hupu.com/players/masonplumlee-4810.html,matched_local
2025-26,SAS,Stanley Umude,Stanley Umude,,,missing_hupu_match
2025-26,SAS,Stephon Castle,Stephon Castle,斯蒂芬·卡斯尔,https://nba.hupu.com/players/stephoncastle-153123.html,matched_local
2025-26,SAS,Victor Wembanyama,Victor Wembanyama,维克托·文班亚马,https://nba.hupu.com/players/victorwembanyama-152987.html,matched_local
2025-26,TOR,A.J. Lawson,A.J. Lawson,AJ-劳森,https://nba.hupu.com/players/ajlawson-152582.html,matched_local
2025-26,TOR,Alijah Martin,Alijah Martin,阿利贾-马丁,https://nba.hupu.com/players/alijahmartin-153330.html,matched_local
2025-26,TOR,Brandon Ingram,Brandon Ingram,布兰登-英格拉姆,https://nba.hupu.com/players/brandoningram-150164.html,matched_local
2025-26,TOR,Chucky Hepburn,Chucky Hepburn,查基-赫本,https://nba.hupu.com/players/chuckyhepburn-153340.html,matched_local
2025-26,TOR,Collin Murray-Boyles,Collin Murray-Boyles,科林-默里-博伊尔斯,https://nba.hupu.com/players/collinmurrayboyles-153301.html,matched_local
2025-26,TOR,Garrett Temple,Garrett Temple,加莱特-坦普尔,https://nba.hupu.com/players/garretttemple-3440.html,matched_local
2025-26,TOR,Gradey Dick,Gradey Dick,格雷迪·迪克,https://nba.hupu.com/players/gradeydick-152993.html,matched_local
2025-26,TOR,Immanuel Quickley,Immanuel Quickley,伊曼纽尔-奎克利,https://nba.hupu.com/players/immanuelquickley-152390.html,matched_local
2025-26,TOR,Ja'Kobe Walter,Ja'Kobe Walter,贾科比·沃尔特,https://nba.hupu.com/players/jakobewalter-153129.html,matched_local
2025-26,TOR,Jakob Poeltl,Jakob Poeltl,雅各布-珀尔特尔,https://nba.hupu.com/players/jakobpoeltl-150170.html,matched_local
2025-26,TOR,Jamal Shead,Jamal Shead,贾马尔·谢德,https://nba.hupu.com/players/jamalshead-153166.html,matched_local
2025-26,TOR,Jamison Battle,Jamison Battle,杰米森-巴特尔,https://nba.hupu.com/players/jamisonbattle-153259.html,matched_local
2025-26,TOR,Jonathan Mogbo,Jonathan Mogbo,乔纳森·莫格博,https://nba.hupu.com/players/jonathanmogbo-153165.html,matched_local
2025-26,TOR,Markelle Fultz,Markelle Fultz,,,missing_hupu_match
2025-26,TOR,RJ Barrett,RJ Barrett,RJ-巴雷特,https://nba.hupu.com/players/rjbarrett-151670.html,matched_local
2025-26,TOR,Sandro Mamukelashvili,Sandro Mamukelashvili,桑德罗-马穆凯拉什维利,https://nba.hupu.com/players/sandromamukelashvili-152618.html,matched_local
2025-26,TOR,Scottie Barnes,Scottie Barnes,斯科蒂-巴恩斯,https://nba.hupu.com/players/scottiebarnes-152653.html,matched_local
2025-26,TOR,Trayce Jackson-Davis,Trayce Jackson-Davis,特雷斯·杰克逊-戴维斯,https://nba.hupu.com/players/traycejacksondavis-153019.html,matched_local
2025-26,UTA,Ace Bailey,Ace Bailey,埃斯-贝利,https://nba.hupu.com/players/acebailey-153298.html,matched_local
2025-26,UTA,Andersson Garcia,Andersson Garcia,,,missing_hupu_match
2025-26,UTA,Bez Mbeng,Bez Mbeng,贝兹-姆本,https://nba.hupu.com/players/bezmbeng-153395.html,matched_local
2025-26,UTA,Blake Hinson,Blake Hinson,布莱克·辛森,https://nba.hupu.com/players/blakehinson-153177.html,matched_local
2025-26,UTA,Brice Sensabaugh,Brice Sensabaugh,布赖斯·森萨博,https://nba.hupu.com/players/bricesensabaugh-152990.html,matched_local
2025-26,UTA,Cody Williams,Cody Williams,科迪·威廉姆斯,https://nba.hupu.com/players/codywilliams-153126.html,matched_local
2025-26,UTA,Elijah Harkless,Elijah Harkless,伊莱贾-哈克利斯,https://nba.hupu.com/players/elijahharkless-153263.html,matched_local
2025-26,UTA,Hayden Gray,Hayden Gray,海登-格雷,https://nba.hupu.com/players/haydengray-153399.html,matched_local
2025-26,UTA,Isaiah Collier,Isaiah Collier,以赛亚·科利尔,https://nba.hupu.com/players/isaiahcollier-153125.html,matched_local
2025-26,UTA,Jaren Jackson Jr.,Jaren Jackson Jr.,小贾伦-杰克逊,https://nba.hupu.com/players/jarenjackson-151072.html,matched_local
2025-26,UTA,John Konchar,John Konchar,约翰-康查尔,https://nba.hupu.com/players/johnkonchar-152127.html,matched_local
2025-26,UTA,Jusuf NurkiÄ,Jusuf Nurkić,优素福-努尔基奇,https://nba.hupu.com/players/jusufnurkic-4941.html,matched_local
2025-26,UTA,Kennedy Chandler,Kennedy Chandler,,,missing_hupu_match
2025-26,UTA,Kevin Love,Kevin Love,凯文-乐福,https://nba.hupu.com/players/kevinlove-3004.html,matched_local
2025-26,UTA,Keyonte George,Keyonte George,基扬特·乔治,https://nba.hupu.com/players/keyontegeorge-152989.html,matched_local
2025-26,UTA,Kyle Filipowski,Kyle Filipowski,凯尔·菲利波夫斯基,https://nba.hupu.com/players/kylefilipowski-153163.html,matched_local
2025-26,UTA,Lauri Markkanen,Lauri Markkanen,劳里-马尔卡宁,https://nba.hupu.com/players/laurimarkkanen-150439.html,matched_local
2025-26,UTA,Mo Bamba,Mo Bamba,,,missing_hupu_match
2025-26,UTA,Oscar Tshiebwe,Oscar Tshiebwe,奥斯卡·希布韦,https://nba.hupu.com/players/oscartshiebwe-153034.html,matched_local
2025-26,UTA,Svi Mykhailiuk,Svi Mykhailiuk,斯维亚托斯拉夫-米哈伊柳克,https://nba.hupu.com/players/svimykhailiuk-150208.html,matched_local
2025-26,UTA,Walker Kessler,Walker Kessler,沃克-凯斯勒,https://nba.hupu.com/players/walkerkessler-152848.html,matched_local
2025-26,WAS,Alex Sarr,Alex Sarr,亚历克斯·萨尔,https://nba.hupu.com/players/alexsarr-153138.html,matched_local
2025-26,WAS,Alondes Williams,Alondes Williams,,,missing_hupu_match
2025-26,WAS,Anthony Davis,Anthony Davis,安东尼-戴维斯,https://nba.hupu.com/players/anthonydavis-3638.html,matched_local
2025-26,WAS,Anthony Gill,Anthony Gill,安东尼-吉尔,https://nba.hupu.com/players/anthonygill-150259.html,matched_local
2025-26,WAS,Bilal Coulibaly,Bilal Coulibaly,比拉尔·库利巴利,https://nba.hupu.com/players/bilalcoulibaly-152992.html,matched_local
2025-26,WAS,Bub Carrington,Bub Carrington,卡尔顿·卡林顿,https://nba.hupu.com/players/bubcarrington-153128.html,matched_local
2025-26,WAS,Cam Whitmore,Cam Whitmore,卡姆·惠特莫尔,https://nba.hupu.com/players/camwhitmore-152974.html,matched_local
2025-26,WAS,D'Angelo Russell,D'Angelo Russell,丹吉洛-拉塞尔,https://nba.hupu.com/players/dangelorussell-150029.html,matched_local
2025-26,WAS,Jaden Hardy,Jaden Hardy,杰登-哈迪,https://nba.hupu.com/players/jadenhardy-152884.html,matched_local
2025-26,WAS,Jamir Watkins,Jamir Watkins,贾米尔-沃特金斯,https://nba.hupu.com/players/jamirwatkins-153329.html,matched_local
2025-26,WAS,Julian Reese,Julian Reese,朱利安-里斯,https://nba.hupu.com/players/julianreese-153389.html,matched_local
2025-26,WAS,Justin Champagnie,Justin Champagnie,贾斯汀-尚帕尼,https://nba.hupu.com/players/justinchampagnie-152655.html,matched_local
2025-26,WAS,Kadary Richmond,Kadary Richmond,,,missing_hupu_match
2025-26,WAS,Kyshawn George,Kyshawn George,凯肖恩·乔治,https://nba.hupu.com/players/kyshawngeorge-153127.html,matched_local
2025-26,WAS,Leaky Black,Leaky Black,里基·布莱克,https://nba.hupu.com/players/leakyblack-153046.html,matched_local
2025-26,WAS,Malaki Branham,Malaki Branham,,,missing_hupu_match
2025-26,WAS,Sharife Cooper,Sharife Cooper,谢里夫-库珀,https://nba.hupu.com/players/sharifecooper-152581.html,matched_local
2025-26,WAS,Skal LabissiÃ¨re,Skal Labissière,,,missing_hupu_match
2025-26,WAS,Trae Young,Trae Young,特雷-杨,https://nba.hupu.com/players/traeyoung-150951.html,matched_local
2025-26,WAS,Tre Johnson,Tre Johnson,特雷-约翰逊,https://nba.hupu.com/players/trejohnson-153299.html,matched_local
2025-26,WAS,Tristan Vukcevic,Tristan Vukcevic,特里斯坦·武克切维奇,https://nba.hupu.com/players/tristanvukcevic-153018.html,matched_local
2025-26,WAS,Will Riley,Will Riley,威尔-莱利,https://nba.hupu.com/players/willriley-153300.html,matched_local
