player_name,team_abbreviation,team_name,season,search_url,avatar_page_src,avatar_url,file_name,status,error
A.J. Lawson,TOR,Raptors,25-26,https://www.statmuse.com/nba/ask/A.J.%20Lawson%20stats%20in%202026,,,0001_a-j-lawson.png,cached,
AJ Green,MIL,Bucks,25-26,https://www.statmuse.com/nba/ask/AJ%20Green%20stats%20in%202026,,,0002_aj-green.png,cached,
AJ Johnson,DAL,Mavericks,25-26,https://www.statmuse.com/nba/ask/AJ%20Johnson%20stats%20in%202026,,,0003_aj-johnson.png,cached,
Aaron Gordon,DEN,Nuggets,25-26,https://www.statmuse.com/nba/ask/Aaron%20Gordon%20stats%20in%202026,,,0004_aaron-gordon.png,cached,
Aaron Holiday,HOU,Rockets,25-26,https://www.statmuse.com/nba/ask/Aaron%20Holiday%20stats%20in%202026,,,0005_aaron-holiday.png,cached,
Aaron Nesmith,IND,Pacers,25-26,https://www.statmuse.com/nba/ask/Aaron%20Nesmith%20stats%20in%202026,,,0006_aaron-nesmith.png,cached,
Aaron Wiggins,OKC,Thunder,25-26,https://www.statmuse.com/nba/ask/Aaron%20Wiggins%20stats%20in%202026,,,0007_aaron-wiggins.png,cached,
Ace Bailey,UTA,Jazz,25-26,https://www.statmuse.com/nba/ask/Ace%20Bailey%20stats%20in%202026,,,0008_ace-bailey.png,cached,
Adama Bal,MEM,Grizzlies,25-26,https://www.statmuse.com/nba/ask/Adama%20Bal%20stats%20in%202026,,,0009_adama-bal.png,cached,
Adem Bona,PHI,76ers,25-26,https://www.statmuse.com/nba/ask/Adem%20Bona%20stats%20in%202026,,,0010_adem-bona.png,cached,
Adou Thiero,LAL,Lakers,25-26,https://www.statmuse.com/nba/ask/Adou%20Thiero%20stats%20in%202026,,,0011_adou-thiero.png,cached,
Ajay Mitchell,OKC,Thunder,25-26,https://www.statmuse.com/nba/ask/Ajay%20Mitchell%20stats%20in%202026,,,0012_ajay-mitchell.png,cached,
Al Horford,GSW,Warriors,25-26,https://www.statmuse.com/nba/ask/Al%20Horford%20stats%20in%202026,,,0013_al-horford.png,cached,
Alex Antetokounmpo,MIL,Bucks,25-26,https://www.statmuse.com/nba/ask/Alex%20Antetokounmpo%20stats%20in%202026,,,0014_alex-antetokounmpo.png,cached,
Alex Caruso,OKC,Thunder,25-26,https://www.statmuse.com/nba/ask/Alex%20Caruso%20stats%20in%202026,,,0015_alex-caruso.png,cached,
Alex Morales,ORL,Magic,25-26,https://www.statmuse.com/nba/ask/Alex%20Morales%20stats%20in%202026,,,0016_alex-morales.png,cached,
Alex Sarr,WAS,Wizards,25-26,https://www.statmuse.com/nba/ask/Alex%20Sarr%20stats%20in%202026,,,0017_alex-sarr.png,cached,
Alijah Martin,TOR,Raptors,25-26,https://www.statmuse.com/nba/ask/Alijah%20Martin%20stats%20in%202026,,,0018_alijah-martin.png,cached,
Alondes Williams,WAS,Wizards,25-26,https://www.statmuse.com/nba/ask/Alondes%20Williams%20stats%20in%202026,,,0019_alondes-williams.png,cached,
Alperen Sengun,HOU,Rockets,25-26,https://www.statmuse.com/nba/ask/Alperen%20Sengun%20stats%20in%202026,,,0020_alperen-sengun.png,cached,
Amari Williams,BOS,Celtics,25-26,https://www.statmuse.com/nba/ask/Amari%20Williams%20stats%20in%202026,,,0021_amari-williams.png,cached,
Amen Thompson,HOU,Rockets,25-26,https://www.statmuse.com/nba/ask/Amen%20Thompson%20stats%20in%202026,,,0022_amen-thompson.png,cached,
Amir Coffey,MIL,Bucks,25-26,https://www.statmuse.com/nba/ask/Amir%20Coffey%20stats%20in%202026,,,0023_amir-coffey.png,cached,
Andersson Garcia,UTA,Jazz,25-26,https://www.statmuse.com/nba/ask/Andersson%20Garcia%20stats%20in%202026,,,0024_andersson-garcia.png,cached,
Andre Drummond,PHI,76ers,25-26,https://www.statmuse.com/nba/ask/Andre%20Drummond%20stats%20in%202026,,,0025_andre-drummond.png,cached,
Andre Jackson Jr.,MIL,Bucks,25-26,https://www.statmuse.com/nba/ask/Andre%20Jackson%20Jr.%20stats%20in%202026,,,0026_andre-jackson-jr.png,cached,
Andrew Nembhard,IND,Pacers,25-26,https://www.statmuse.com/nba/ask/Andrew%20Nembhard%20stats%20in%202026,,,0027_andrew-nembhard.png,cached,
Andrew Wiggins,MIA,Heat,25-26,https://www.statmuse.com/nba/ask/Andrew%20Wiggins%20stats%20in%202026,,,0028_andrew-wiggins.png,cached,
Anfernee Simons,CHI,Bulls,25-26,https://www.statmuse.com/nba/ask/Anfernee%20Simons%20stats%20in%202026,,,0029_anfernee-simons.png,cached,
Anthony Black,ORL,Magic,25-26,https://www.statmuse.com/nba/ask/Anthony%20Black%20stats%20in%202026,,,0030_anthony-black.png,cached,
Anthony Davis,DAL,Mavericks,25-26,https://www.statmuse.com/nba/ask/Anthony%20Davis%20stats%20in%202026,,,0031_anthony-davis.png,cached,
Anthony Edwards,MIN,Timberwolves,25-26,https://www.statmuse.com/nba/ask/Anthony%20Edwards%20stats%20in%202026,,,0032_anthony-edwards.png,cached,
Anthony Gill,WAS,Wizards,25-26,https://www.statmuse.com/nba/ask/Anthony%20Gill%20stats%20in%202026,,,0033_anthony-gill.png,cached,
Antonio Reeves,CHA,Hornets,25-26,https://www.statmuse.com/nba/ask/Antonio%20Reeves%20stats%20in%202026,,,0034_antonio-reeves.png,cached,
Ariel Hukporti,NYK,Knicks,25-26,https://www.statmuse.com/nba/ask/Ariel%20Hukporti%20stats%20in%202026,,,0035_ariel-hukporti.png,cached,
Asa Newell,ATL,Hawks,25-26,https://www.statmuse.com/nba/ask/Asa%20Newell%20stats%20in%202026,,,0036_asa-newell.png,cached,
Ausar Thompson,DET,Pistons,25-26,https://www.statmuse.com/nba/ask/Ausar%20Thompson%20stats%20in%202026,,,0037_ausar-thompson.png,cached,
Austin Reaves,LAL,Lakers,25-26,https://www.statmuse.com/nba/ask/Austin%20Reaves%20stats%20in%202026,,,0038_austin-reaves.png,cached,
Ayo Dosunmu,CHI,Bulls,25-26,https://www.statmuse.com/nba/ask/Ayo%20Dosunmu%20stats%20in%202026,,,0039_ayo-dosunmu.png,cached,
Bam Adebayo,MIA,Heat,25-26,https://www.statmuse.com/nba/ask/Bam%20Adebayo%20stats%20in%202026,,,0040_bam-adebayo.png,cached,
Baylor Scheierman,BOS,Celtics,25-26,https://www.statmuse.com/nba/ask/Baylor%20Scheierman%20stats%20in%202026,,,0041_baylor-scheierman.png,cached,
Ben Saraf,BKN,Nets,25-26,https://www.statmuse.com/nba/ask/Ben%20Saraf%20stats%20in%202026,,,0042_ben-saraf.png,cached,
Ben Sheppard,IND,Pacers,25-26,https://www.statmuse.com/nba/ask/Ben%20Sheppard%20stats%20in%202026,,,0043_ben-sheppard.png,cached,
Bennedict Mathurin,LAC,Clippers,25-26,https://www.statmuse.com/nba/ask/Bennedict%20Mathurin%20stats%20in%202026,,,0044_bennedict-mathurin.png,cached,
Bez Mbeng,UTA,Jazz,25-26,https://www.statmuse.com/nba/ask/Bez%20Mbeng%20stats%20in%202026,,,0045_bez-mbeng.png,cached,
Bilal Coulibaly,WAS,Wizards,25-26,https://www.statmuse.com/nba/ask/Bilal%20Coulibaly%20stats%20in%202026,,,0046_bilal-coulibaly.png,cached,
Bismack Biyombo,SAS,Spurs,25-26,https://www.statmuse.com/nba/ask/Bismack%20Biyombo%20stats%20in%202026,,,0047_bismack-biyombo.png,cached,
Blake Hinson,UTA,Jazz,25-26,https://www.statmuse.com/nba/ask/Blake%20Hinson%20stats%20in%202026,,,0048_blake-hinson.png,cached,
Blake Wesley,POR,Trail Blazers,25-26,https://www.statmuse.com/nba/ask/Blake%20Wesley%20stats%20in%202026,,,0049_blake-wesley.png,cached,
Bobby Portis,MIL,Bucks,25-26,https://www.statmuse.com/nba/ask/Bobby%20Portis%20stats%20in%202026,,,0050_bobby-portis.png,cached,
Bobi Klintman,DET,Pistons,25-26,https://www.statmuse.com/nba/ask/Bobi%20Klintman%20stats%20in%202026,,,0051_bobi-klintman.png,cached,
Bogdan BogdanoviÄ,LAC,Clippers,25-26,https://www.statmuse.com/nba/ask/Bogdan%20Bogdanovi%C4%87%20stats%20in%202026,,,0052_bogdan-bogdanovi.png,cached,
Bones Hyland,MIN,Timberwolves,25-26,https://www.statmuse.com/nba/ask/Bones%20Hyland%20stats%20in%202026,,,0053_bones-hyland.png,cached,
Bradley Beal,LAC,Clippers,25-26,https://www.statmuse.com/nba/ask/Bradley%20Beal%20stats%20in%202026,,,0054_bradley-beal.png,cached,
Branden Carlson,OKC,Thunder,25-26,https://www.statmuse.com/nba/ask/Branden%20Carlson%20stats%20in%202026,,,0055_branden-carlson.png,cached,
Brandin Podziemski,GSW,Warriors,25-26,https://www.statmuse.com/nba/ask/Brandin%20Podziemski%20stats%20in%202026,,,0056_brandin-podziemski.png,cached,
Brandon Clarke,MEM,Grizzlies,25-26,https://www.statmuse.com/nba/ask/Brandon%20Clarke%20stats%20in%202026,,,0057_brandon-clarke.png,cached,
Brandon Ingram,TOR,Raptors,25-26,https://www.statmuse.com/nba/ask/Brandon%20Ingram%20stats%20in%202026,,,0058_brandon-ingram.png,cached,
Brandon Miller,CHA,Hornets,25-26,https://www.statmuse.com/nba/ask/Brandon%20Miller%20stats%20in%202026,,,0059_brandon-miller.png,cached,
Brandon Williams,DAL,Mavericks,25-26,https://www.statmuse.com/nba/ask/Brandon%20Williams%20stats%20in%202026,,,0060_brandon-williams.png,cached,
Brice Sensabaugh,UTA,Jazz,25-26,https://www.statmuse.com/nba/ask/Brice%20Sensabaugh%20stats%20in%202026,,,0061_brice-sensabaugh.png,cached,
Bronny James,LAL,Lakers,25-26,https://www.statmuse.com/nba/ask/Bronny%20James%20stats%20in%202026,,,0062_bronny-james.png,cached,
Brook Lopez,LAC,Clippers,25-26,https://www.statmuse.com/nba/ask/Brook%20Lopez%20stats%20in%202026,,,0063_brook-lopez.png,cached,
Brooks Barnhizer,OKC,Thunder,25-26,https://www.statmuse.com/nba/ask/Brooks%20Barnhizer%20stats%20in%202026,,,0064_brooks-barnhizer.png,cached,
Bruce Brown,DEN,Nuggets,25-26,https://www.statmuse.com/nba/ask/Bruce%20Brown%20stats%20in%202026,,,0065_bruce-brown.png,cached,
Bryce McGowens,NOP,Pelicans,25-26,https://www.statmuse.com/nba/ask/Bryce%20McGowens%20stats%20in%202026,,,0066_bryce-mcgowens.png,cached,
Bub Carrington,WAS,Wizards,25-26,https://www.statmuse.com/nba/ask/Bub%20Carrington%20stats%20in%202026,,,0067_bub-carrington.png,cached,
Buddy Boeheim,OKC,Thunder,25-26,https://www.statmuse.com/nba/ask/Buddy%20Boeheim%20stats%20in%202026,,,0068_buddy-boeheim.png,cached,
Buddy Hield,ATL,Hawks,25-26,https://www.statmuse.com/nba/ask/Buddy%20Hield%20stats%20in%202026,,,0069_buddy-hield.png,cached,
CJ Huntley,PHX,Suns,25-26,https://www.statmuse.com/nba/ask/CJ%20Huntley%20stats%20in%202026,,,0070_cj-huntley.png,cached,
CJ McCollum,ATL,Hawks,25-26,https://www.statmuse.com/nba/ask/CJ%20McCollum%20stats%20in%202026,,,0071_cj-mccollum.png,cached,
Cade Cunningham,DET,Pistons,25-26,https://www.statmuse.com/nba/ask/Cade%20Cunningham%20stats%20in%202026,,,0072_cade-cunningham.png,cached,
Caleb Houstan,ATL,Hawks,25-26,https://www.statmuse.com/nba/ask/Caleb%20Houstan%20stats%20in%202026,,,0073_caleb-houstan.png,cached,
Caleb Love,POR,Trail Blazers,25-26,https://www.statmuse.com/nba/ask/Caleb%20Love%20stats%20in%202026,,,0074_caleb-love.png,cached,
Caleb Martin,DAL,Mavericks,25-26,https://www.statmuse.com/nba/ask/Caleb%20Martin%20stats%20in%202026,,,0075_caleb-martin.png,cached,
Cam Christie,LAC,Clippers,25-26,https://www.statmuse.com/nba/ask/Cam%20Christie%20stats%20in%202026,,,0076_cam-christie.png,cached,
Cam Spencer,MEM,Grizzlies,25-26,https://www.statmuse.com/nba/ask/Cam%20Spencer%20stats%20in%202026,,,0077_cam-spencer.png,cached,
Cam Thomas,MIL,Bucks,25-26,https://www.statmuse.com/nba/ask/Cam%20Thomas%20stats%20in%202026,,,0078_cam-thomas.png,cached,
Cam Whitmore,WAS,Wizards,25-26,https://www.statmuse.com/nba/ask/Cam%20Whitmore%20stats%20in%202026,,,0079_cam-whitmore.png,cached,
Cameron Johnson,DEN,Nuggets,25-26,https://www.statmuse.com/nba/ask/Cameron%20Johnson%20stats%20in%202026,,,0080_cameron-johnson.png,cached,
Cameron Payne,PHI,76ers,25-26,https://www.statmuse.com/nba/ask/Cameron%20Payne%20stats%20in%202026,,,0081_cameron-payne.png,cached,
Caris LeVert,DET,Pistons,25-26,https://www.statmuse.com/nba/ask/Caris%20LeVert%20stats%20in%202026,,,0082_caris-levert.png,cached,
Carter Bryant,SAS,Spurs,25-26,https://www.statmuse.com/nba/ask/Carter%20Bryant%20stats%20in%202026,,,0083_carter-bryant.png,cached,
Cason Wallace,OKC,Thunder,25-26,https://www.statmuse.com/nba/ask/Cason%20Wallace%20stats%20in%202026,,,0084_cason-wallace.png,cached,
Cedric Coward,MEM,Grizzlies,25-26,https://www.statmuse.com/nba/ask/Cedric%20Coward%20stats%20in%202026,,,0085_cedric-coward.png,cached,
Chaney Johnson,BKN,Nets,25-26,https://www.statmuse.com/nba/ask/Chaney%20Johnson%20stats%20in%202026,,,0086_chaney-johnson.png,cached,
Charles Bassey,PHI,76ers,25-26,https://www.statmuse.com/nba/ask/Charles%20Bassey%20stats%20in%202026,,,0087_charles-bassey.png,cached,
Chaz Lanier,DET,Pistons,25-26,https://www.statmuse.com/nba/ask/Chaz%20Lanier%20stats%20in%202026,,,0088_chaz-lanier.png,cached,
Chet Holmgren,OKC,Thunder,25-26,https://www.statmuse.com/nba/ask/Chet%20Holmgren%20stats%20in%202026,,,0089_chet-holmgren.png,cached,
Chris Boucher,BOS,Celtics,25-26,https://www.statmuse.com/nba/ask/Chris%20Boucher%20stats%20in%202026,,,0090_chris-boucher.png,cached,
Chris Livingston,CLE,Cavaliers,25-26,https://www.statmuse.com/nba/ask/Chris%20Livingston%20stats%20in%202026,,,0091_chris-livingston.png,cached,
Chris MaÃ±on,LAL,Lakers,25-26,https://www.statmuse.com/nba/ask/Chris%20Ma%C3%B1on%20stats%20in%202026,/_image?href=https%3A%2F%2Fcdn.statmuse.com%2Fimg%2Fnba%2Fplayers%2Fnba--locvsjq3.png&w=200&h=200&f=webp,https://cdn.statmuse.com/img/nba/players/nba--locvsjq3.png,0092_chris-ma-on.png,ok,
Chris Paul,LAC,Clippers,25-26,https://www.statmuse.com/nba/ask/Chris%20Paul%20stats%20in%202026,,,0093_chris-paul.png,cached,
Chris Youngblood,OKC,Thunder,25-26,https://www.statmuse.com/nba/ask/Chris%20Youngblood%20stats%20in%202026,,,0094_chris-youngblood.png,cached,
Christian Braun,DEN,Nuggets,25-26,https://www.statmuse.com/nba/ask/Christian%20Braun%20stats%20in%202026,,,0095_christian-braun.png,cached,
Christian Koloko,MEM,Grizzlies,25-26,https://www.statmuse.com/nba/ask/Christian%20Koloko%20stats%20in%202026,,,0096_christian-koloko.png,cached,
Chucky Hepburn,TOR,Raptors,25-26,https://www.statmuse.com/nba/ask/Chucky%20Hepburn%20stats%20in%202026,,,0097_chucky-hepburn.png,cached,
Clint Capela,HOU,Rockets,25-26,https://www.statmuse.com/nba/ask/Clint%20Capela%20stats%20in%202026,,,0098_clint-capela.png,cached,
Coby White,CHI,Bulls,25-26,https://www.statmuse.com/nba/ask/Coby%20White%20stats%20in%202026,,,0099_coby-white.png,cached,
Cody Martin,IND,Pacers,25-26,https://www.statmuse.com/nba/ask/Cody%20Martin%20stats%20in%202026,,,0100_cody-martin.png,cached,
Cody Williams,UTA,Jazz,25-26,https://www.statmuse.com/nba/ask/Cody%20Williams%20stats%20in%202026,,,0101_cody-williams.png,cached,
Colby Jones,DET,Pistons,25-26,https://www.statmuse.com/nba/ask/Colby%20Jones%20stats%20in%202026,,,0102_colby-jones.png,cached,
Cole Anthony,MIL,Bucks,25-26,https://www.statmuse.com/nba/ask/Cole%20Anthony%20stats%20in%202026,,,0103_cole-anthony.png,cached,
Colin Castleton,ORL,Magic,25-26,https://www.statmuse.com/nba/ask/Colin%20Castleton%20stats%20in%202026,,,0104_colin-castleton.png,cached,
Collin Gillespie,PHX,Suns,25-26,https://www.statmuse.com/nba/ask/Collin%20Gillespie%20stats%20in%202026,,,0105_collin-gillespie.png,cached,
Collin Murray-Boyles,TOR,Raptors,25-26,https://www.statmuse.com/nba/ask/Collin%20Murray-Boyles%20stats%20in%202026,,,0106_collin-murray-boyles.png,cached,
Collin Sexton,CHI,Bulls,25-26,https://www.statmuse.com/nba/ask/Collin%20Sexton%20stats%20in%202026,,,0107_collin-sexton.png,cached,
Cooper Flagg,DAL,Mavericks,25-26,https://www.statmuse.com/nba/ask/Cooper%20Flagg%20stats%20in%202026,,,0108_cooper-flagg.png,cached,
Corey Kispert,ATL,Hawks,25-26,https://www.statmuse.com/nba/ask/Corey%20Kispert%20stats%20in%202026,,,0109_corey-kispert.png,cached,
Cormac Ryan,MIL,Bucks,25-26,https://www.statmuse.com/nba/ask/Cormac%20Ryan%20stats%20in%202026,,,0110_cormac-ryan.png,cached,
Craig Porter Jr.,CLE,Cavaliers,25-26,https://www.statmuse.com/nba/ask/Craig%20Porter%20Jr.%20stats%20in%202026,,,0111_craig-porter-jr.png,cached,
Curtis Jones,DEN,Nuggets,25-26,https://www.statmuse.com/nba/ask/Curtis%20Jones%20stats%20in%202026,,,0112_curtis-jones.png,cached,
D'Angelo Russell,DAL,Mavericks,25-26,https://www.statmuse.com/nba/ask/D%27Angelo%20Russell%20stats%20in%202026,,,0113_d-angelo-russell.png,cached,
DaQuan Jeffries,SAC,Kings,25-26,https://www.statmuse.com/nba/ask/DaQuan%20Jeffries%20stats%20in%202026,,,0114_daquan-jeffries.png,cached,
DaRon Holmes II,DEN,Nuggets,25-26,https://www.statmuse.com/nba/ask/DaRon%20Holmes%20II%20stats%20in%202026,,,0115_daron-holmes-ii.png,cached,
Daeqwon Plowden,SAC,Kings,25-26,https://www.statmuse.com/nba/ask/Daeqwon%20Plowden%20stats%20in%202026,,,0116_daeqwon-plowden.png,cached,
Dalano Banton,BOS,Celtics,25-26,https://www.statmuse.com/nba/ask/Dalano%20Banton%20stats%20in%202026,,,0117_dalano-banton.png,cached,
Dalen Terry,PHI,76ers,25-26,https://www.statmuse.com/nba/ask/Dalen%20Terry%20stats%20in%202026,,,0118_dalen-terry.png,cached,
Dalton Knecht,LAL,Lakers,25-26,https://www.statmuse.com/nba/ask/Dalton%20Knecht%20stats%20in%202026,,,0119_dalton-knecht.png,cached,
Daniel Gafford,DAL,Mavericks,25-26,https://www.statmuse.com/nba/ask/Daniel%20Gafford%20stats%20in%202026,,,0120_daniel-gafford.png,cached,
Daniss Jenkins,DET,Pistons,25-26,https://www.statmuse.com/nba/ask/Daniss%20Jenkins%20stats%20in%202026,,,0121_daniss-jenkins.png,cached,
Danny Wolf,BKN,Nets,25-26,https://www.statmuse.com/nba/ask/Danny%20Wolf%20stats%20in%202026,,,0122_danny-wolf.png,cached,
Dario Å ariÄ,SAC,Kings,25-26,https://www.statmuse.com/nba/ask/Dario%20%C5%A0ari%C4%87%20stats%20in%202026,,,0123_dario-ari.png,cached,
Dariq Whitehead,MEM,Grizzlies,25-26,https://www.statmuse.com/nba/ask/Dariq%20Whitehead%20stats%20in%202026,,,0124_dariq-whitehead.png,cached,
Darius Brown,CLE,Cavaliers,25-26,https://www.statmuse.com/nba/ask/Darius%20Brown%20stats%20in%202026,,,0125_darius-brown.png,cached,
Darius Garland,CLE,Cavaliers,25-26,https://www.statmuse.com/nba/ask/Darius%20Garland%20stats%20in%202026,,,0126_darius-garland.png,cached,
David Jones Garcia,SAS,Spurs,25-26,https://www.statmuse.com/nba/ask/David%20Jones%20Garcia%20stats%20in%202026,,,0127_david-jones-garcia.png,cached,
David Roddy,DEN,Nuggets,25-26,https://www.statmuse.com/nba/ask/David%20Roddy%20stats%20in%202026,,,0128_david-roddy.png,cached,
Davion Mitchell,MIA,Heat,25-26,https://www.statmuse.com/nba/ask/Davion%20Mitchell%20stats%20in%202026,,,0129_davion-mitchell.png,cached,
Day'Ron Sharpe,BKN,Nets,25-26,https://www.statmuse.com/nba/ask/Day%27Ron%20Sharpe%20stats%20in%202026,,,0130_day-ron-sharpe.png,cached,
De'Aaron Fox,SAS,Spurs,25-26,https://www.statmuse.com/nba/ask/De%27Aaron%20Fox%20stats%20in%202026,,,0131_de-aaron-fox.png,cached,
De'Andre Hunter,CLE,Cavaliers,25-26,https://www.statmuse.com/nba/ask/De%27Andre%20Hunter%20stats%20in%202026,,,0132_de-andre-hunter.png,cached,
De'Anthony Melton,GSW,Warriors,25-26,https://www.statmuse.com/nba/ask/De%27Anthony%20Melton%20stats%20in%202026,,,0133_de-anthony-melton.png,cached,
DeAndre Jordan,NOP,Pelicans,25-26,https://www.statmuse.com/nba/ask/DeAndre%20Jordan%20stats%20in%202026,,,0134_deandre-jordan.png,cached,
DeJon Jarreau,MEM,Grizzlies,25-26,https://www.statmuse.com/nba/ask/DeJon%20Jarreau%20stats%20in%202026,,,0135_dejon-jarreau.png,cached,
DeMar DeRozan,SAC,Kings,25-26,https://www.statmuse.com/nba/ask/DeMar%20DeRozan%20stats%20in%202026,,,0136_demar-derozan.png,cached,
Dean Wade,CLE,Cavaliers,25-26,https://www.statmuse.com/nba/ask/Dean%20Wade%20stats%20in%202026,,,0137_dean-wade.png,cached,
Deandre Ayton,LAL,Lakers,25-26,https://www.statmuse.com/nba/ask/Deandre%20Ayton%20stats%20in%202026,,,0138_deandre-ayton.png,cached,
Dejounte Murray,NOP,Pelicans,25-26,https://www.statmuse.com/nba/ask/Dejounte%20Murray%20stats%20in%202026,,,0139_dejounte-murray.png,cached,
Deni Avdija,POR,Trail Blazers,25-26,https://www.statmuse.com/nba/ask/Deni%20Avdija%20stats%20in%202026,,,0140_deni-avdija.png,cached,
Dennis SchrÃ¶der,CLE,Cavaliers,25-26,https://www.statmuse.com/nba/ask/Dennis%20Schr%C3%B6der%20stats%20in%202026,,,0141_dennis-schr-der.png,cached,
Dereck Lively II,DAL,Mavericks,25-26,https://www.statmuse.com/nba/ask/Dereck%20Lively%20II%20stats%20in%202026,,,0142_dereck-lively-ii.png,cached,
Derik Queen,NOP,Pelicans,25-26,https://www.statmuse.com/nba/ask/Derik%20Queen%20stats%20in%202026,,,0143_derik-queen.png,cached,
Derrick Jones Jr.,LAC,Clippers,25-26,https://www.statmuse.com/nba/ask/Derrick%20Jones%20Jr.%20stats%20in%202026,,,0144_derrick-jones-jr.png,cached,
Derrick White,BOS,Celtics,25-26,https://www.statmuse.com/nba/ask/Derrick%20White%20stats%20in%202026,,,0145_derrick-white.png,cached,
Desmond Bane,ORL,Magic,25-26,https://www.statmuse.com/nba/ask/Desmond%20Bane%20stats%20in%202026,,,0146_desmond-bane.png,cached,
Devin Booker,PHX,Suns,25-26,https://www.statmuse.com/nba/ask/Devin%20Booker%20stats%20in%202026,,,0147_devin-booker.png,cached,
Devin Carter,SAC,Kings,25-26,https://www.statmuse.com/nba/ask/Devin%20Carter%20stats%20in%202026,,,0148_devin-carter.png,cached,
Devin Vassell,SAS,Spurs,25-26,https://www.statmuse.com/nba/ask/Devin%20Vassell%20stats%20in%202026,,,0149_devin-vassell.png,cached,
Dillon Brooks,PHX,Suns,25-26,https://www.statmuse.com/nba/ask/Dillon%20Brooks%20stats%20in%202026,,,0150_dillon-brooks.png,cached,
Dillon Jones,NYK,Knicks,25-26,https://www.statmuse.com/nba/ask/Dillon%20Jones%20stats%20in%202026,,,0151_dillon-jones.png,cached,
Domantas Sabonis,SAC,Kings,25-26,https://www.statmuse.com/nba/ask/Domantas%20Sabonis%20stats%20in%202026,,,0152_domantas-sabonis.png,cached,
Dominick Barlow,PHI,76ers,25-26,https://www.statmuse.com/nba/ask/Dominick%20Barlow%20stats%20in%202026,,,0153_dominick-barlow.png,cached,
Donovan Clingan,POR,Trail Blazers,25-26,https://www.statmuse.com/nba/ask/Donovan%20Clingan%20stats%20in%202026,,,0154_donovan-clingan.png,cached,
Donovan Mitchell,CLE,Cavaliers,25-26,https://www.statmuse.com/nba/ask/Donovan%20Mitchell%20stats%20in%202026,,,0155_donovan-mitchell.png,cached,
Donte DiVincenzo,MIN,Timberwolves,25-26,https://www.statmuse.com/nba/ask/Donte%20DiVincenzo%20stats%20in%202026,,,0156_donte-divincenzo.png,cached,
Dorian Finney-Smith,HOU,Rockets,25-26,https://www.statmuse.com/nba/ask/Dorian%20Finney-Smith%20stats%20in%202026,,,0157_dorian-finney-smith.png,cached,
Doug McDermott,SAC,Kings,25-26,https://www.statmuse.com/nba/ask/Doug%20McDermott%20stats%20in%202026,,,0158_doug-mcdermott.png,cached,
Drake Powell,BKN,Nets,25-26,https://www.statmuse.com/nba/ask/Drake%20Powell%20stats%20in%202026,,,0159_drake-powell.png,cached,
Draymond Green,GSW,Warriors,25-26,https://www.statmuse.com/nba/ask/Draymond%20Green%20stats%20in%202026,,,0160_draymond-green.png,cached,
Drew Eubanks,SAC,Kings,25-26,https://www.statmuse.com/nba/ask/Drew%20Eubanks%20stats%20in%202026,,,0161_drew-eubanks.png,cached,
Drew Peterson,CHA,Hornets,25-26,https://www.statmuse.com/nba/ask/Drew%20Peterson%20stats%20in%202026,,,0162_drew-peterson.png,cached,
Drew Timme,LAL,Lakers,25-26,https://www.statmuse.com/nba/ask/Drew%20Timme%20stats%20in%202026,,,0163_drew-timme.png,cached,
Dru Smith,MIA,Heat,25-26,https://www.statmuse.com/nba/ask/Dru%20Smith%20stats%20in%202026,,,0164_dru-smith.png,cached,
Duncan Robinson,DET,Pistons,25-26,https://www.statmuse.com/nba/ask/Duncan%20Robinson%20stats%20in%202026,,,0165_duncan-robinson.png,cached,
Duop Reath,POR,Trail Blazers,25-26,https://www.statmuse.com/nba/ask/Duop%20Reath%20stats%20in%202026,,,0166_duop-reath.png,cached,
Dwight Powell,DAL,Mavericks,25-26,https://www.statmuse.com/nba/ask/Dwight%20Powell%20stats%20in%202026,,,0167_dwight-powell.png,cached,
Dylan Cardwell,SAC,Kings,25-26,https://www.statmuse.com/nba/ask/Dylan%20Cardwell%20stats%20in%202026,,,0168_dylan-cardwell.png,cached,
Dylan Harper,SAS,Spurs,25-26,https://www.statmuse.com/nba/ask/Dylan%20Harper%20stats%20in%202026,,,0169_dylan-harper.png,cached,
Dyson Daniels,ATL,Hawks,25-26,https://www.statmuse.com/nba/ask/Dyson%20Daniels%20stats%20in%202026,,,0170_dyson-daniels.png,cached,
E.J. Liddell,BKN,Nets,25-26,https://www.statmuse.com/nba/ask/E.J.%20Liddell%20stats%20in%202026,,,0171_e-j-liddell.png,cached,
Egor DÃ«min,BKN,Nets,25-26,https://www.statmuse.com/nba/ask/Egor%20D%C3%ABmin%20stats%20in%202026,,,0172_egor-d-min.png,cached,
Elijah Harkless,UTA,Jazz,25-26,https://www.statmuse.com/nba/ask/Elijah%20Harkless%20stats%20in%202026,,,0173_elijah-harkless.png,cached,
Emanuel Miller,CHI,Bulls,25-26,https://www.statmuse.com/nba/ask/Emanuel%20Miller%20stats%20in%202026,,,0174_emanuel-miller.png,cached,
Enrique Freeman,MIN,Timberwolves,25-26,https://www.statmuse.com/nba/ask/Enrique%20Freeman%20stats%20in%202026,,,0175_enrique-freeman.png,cached,
Eric Gordon,PHI,76ers,25-26,https://www.statmuse.com/nba/ask/Eric%20Gordon%20stats%20in%202026,,,0176_eric-gordon.png,cached,
Ethan Thompson,IND,Pacers,25-26,https://www.statmuse.com/nba/ask/Ethan%20Thompson%20stats%20in%202026,,,0177_ethan-thompson.png,cached,
Evan Mobley,CLE,Cavaliers,25-26,https://www.statmuse.com/nba/ask/Evan%20Mobley%20stats%20in%202026,,,0178_evan-mobley.png,cached,
Franz Wagner,ORL,Magic,25-26,https://www.statmuse.com/nba/ask/Franz%20Wagner%20stats%20in%202026,,,0179_franz-wagner.png,cached,
GG Jackson,MEM,Grizzlies,25-26,https://www.statmuse.com/nba/ask/GG%20Jackson%20stats%20in%202026,,,0180_gg-jackson.png,cached,
Gabe Vincent,ATL,Hawks,25-26,https://www.statmuse.com/nba/ask/Gabe%20Vincent%20stats%20in%202026,,,0181_gabe-vincent.png,cached,
Garrett Temple,TOR,Raptors,25-26,https://www.statmuse.com/nba/ask/Garrett%20Temple%20stats%20in%202026,,,0182_garrett-temple.png,cached,
Garrison Mathews,IND,Pacers,25-26,https://www.statmuse.com/nba/ask/Garrison%20Mathews%20stats%20in%202026,,,0183_garrison-mathews.png,cached,
Gary Harris,MIL,Bucks,25-26,https://www.statmuse.com/nba/ask/Gary%20Harris%20stats%20in%202026,,,0184_gary-harris.png,cached,
Gary Payton II,GSW,Warriors,25-26,https://www.statmuse.com/nba/ask/Gary%20Payton%20II%20stats%20in%202026,,,0185_gary-payton-ii.png,cached,
Gary Trent Jr.,MIL,Bucks,25-26,https://www.statmuse.com/nba/ask/Gary%20Trent%20Jr.%20stats%20in%202026,,,0186_gary-trent-jr.png,cached,
Giannis Antetokounmpo,MIL,Bucks,25-26,https://www.statmuse.com/nba/ask/Giannis%20Antetokounmpo%20stats%20in%202026,,,0187_giannis-antetokounmpo.png,cached,
Goga Bitadze,ORL,Magic,25-26,https://www.statmuse.com/nba/ask/Goga%20Bitadze%20stats%20in%202026,,,0188_goga-bitadze.png,cached,
Gradey Dick,TOR,Raptors,25-26,https://www.statmuse.com/nba/ask/Gradey%20Dick%20stats%20in%202026,,,0189_gradey-dick.png,cached,
Grant Nelson,BKN,Nets,25-26,https://www.statmuse.com/nba/ask/Grant%20Nelson%20stats%20in%202026,,,0190_grant-nelson.png,cached,
Grant Williams,CHA,Hornets,25-26,https://www.statmuse.com/nba/ask/Grant%20Williams%20stats%20in%202026,,,0191_grant-williams.png,cached,
Grayson Allen,PHX,Suns,25-26,https://www.statmuse.com/nba/ask/Grayson%20Allen%20stats%20in%202026,,,0192_grayson-allen.png,cached,
Guerschon Yabusele,CHI,Bulls,25-26,https://www.statmuse.com/nba/ask/Guerschon%20Yabusele%20stats%20in%202026,,,0193_guerschon-yabusele.png,cached,
Gui Santos,GSW,Warriors,25-26,https://www.statmuse.com/nba/ask/Gui%20Santos%20stats%20in%202026,,,0194_gui-santos.png,cached,
Harrison Barnes,SAS,Spurs,25-26,https://www.statmuse.com/nba/ask/Harrison%20Barnes%20stats%20in%202026,,,0195_harrison-barnes.png,cached,
Harrison Ingram,SAS,Spurs,25-26,https://www.statmuse.com/nba/ask/Harrison%20Ingram%20stats%20in%202026,,,0196_harrison-ingram.png,cached,
Hayden Gray,UTA,Jazz,25-26,https://www.statmuse.com/nba/ask/Hayden%20Gray%20stats%20in%202026,,,0197_hayden-gray.png,cached,
Haywood Highsmith,PHX,Suns,25-26,https://www.statmuse.com/nba/ask/Haywood%20Highsmith%20stats%20in%202026,,,0198_haywood-highsmith.png,cached,
Herbert Jones,NOP,Pelicans,25-26,https://www.statmuse.com/nba/ask/Herbert%20Jones%20stats%20in%202026,,,0199_herbert-jones.png,cached,
Hugo GonzÃ¡lez,BOS,Celtics,25-26,https://www.statmuse.com/nba/ask/Hugo%20Gonz%C3%A1lez%20stats%20in%202026,,,0200_hugo-gonz-lez.png,cached,
Hunter Dickinson,NOP,Pelicans,25-26,https://www.statmuse.com/nba/ask/Hunter%20Dickinson%20stats%20in%202026,,,0201_hunter-dickinson.png,cached,
Hunter Sallis,PHI,76ers,25-26,https://www.statmuse.com/nba/ask/Hunter%20Sallis%20stats%20in%202026,,,0202_hunter-sallis.png,cached,
Hunter Tyson,DEN,Nuggets,25-26,https://www.statmuse.com/nba/ask/Hunter%20Tyson%20stats%20in%202026,,,0203_hunter-tyson.png,cached,
Immanuel Quickley,TOR,Raptors,25-26,https://www.statmuse.com/nba/ask/Immanuel%20Quickley%20stats%20in%202026,,,0204_immanuel-quickley.png,cached,
Isaac Jones,SAC,Kings,25-26,https://www.statmuse.com/nba/ask/Isaac%20Jones%20stats%20in%202026,,,0205_isaac-jones.png,cached,
Isaac Okoro,CHI,Bulls,25-26,https://www.statmuse.com/nba/ask/Isaac%20Okoro%20stats%20in%202026,,,0206_isaac-okoro.png,cached,
Isaiah Collier,UTA,Jazz,25-26,https://www.statmuse.com/nba/ask/Isaiah%20Collier%20stats%20in%202026,,,0207_isaiah-collier.png,cached,
Isaiah Crawford,HOU,Rockets,25-26,https://www.statmuse.com/nba/ask/Isaiah%20Crawford%20stats%20in%202026,,,0208_isaiah-crawford.png,cached,
Isaiah Hartenstein,OKC,Thunder,25-26,https://www.statmuse.com/nba/ask/Isaiah%20Hartenstein%20stats%20in%202026,,,0209_isaiah-hartenstein.png,cached,
Isaiah Jackson,LAC,Clippers,25-26,https://www.statmuse.com/nba/ask/Isaiah%20Jackson%20stats%20in%202026,,,0210_isaiah-jackson.png,cached,
Isaiah Joe,OKC,Thunder,25-26,https://www.statmuse.com/nba/ask/Isaiah%20Joe%20stats%20in%202026,,,0211_isaiah-joe.png,cached,
Isaiah Livers,PHX,Suns,25-26,https://www.statmuse.com/nba/ask/Isaiah%20Livers%20stats%20in%202026,,,0212_isaiah-livers.png,cached,
Isaiah Stevens,SAC,Kings,25-26,https://www.statmuse.com/nba/ask/Isaiah%20Stevens%20stats%20in%202026,,,0213_isaiah-stevens.png,cached,
Isaiah Stewart,DET,Pistons,25-26,https://www.statmuse.com/nba/ask/Isaiah%20Stewart%20stats%20in%202026,,,0214_isaiah-stewart.png,cached,
Ivica Zubac,LAC,Clippers,25-26,https://www.statmuse.com/nba/ask/Ivica%20Zubac%20stats%20in%202026,,,0215_ivica-zubac.png,cached,
JD Davison,HOU,Rockets,25-26,https://www.statmuse.com/nba/ask/JD%20Davison%20stats%20in%202026,,,0216_jd-davison.png,cached,
Ja Morant,MEM,Grizzlies,25-26,https://www.statmuse.com/nba/ask/Ja%20Morant%20stats%20in%202026,,,0217_ja-morant.png,cached,
Ja'Kobe Walter,TOR,Raptors,25-26,https://www.statmuse.com/nba/ask/Ja%27Kobe%20Walter%20stats%20in%202026,,,0218_ja-kobe-walter.png,cached,
Jabari Smith Jr.,HOU,Rockets,25-26,https://www.statmuse.com/nba/ask/Jabari%20Smith%20Jr.%20stats%20in%202026,,,0219_jabari-smith-jr.png,cached,
Jabari Walker,PHI,76ers,25-26,https://www.statmuse.com/nba/ask/Jabari%20Walker%20stats%20in%202026,,,0220_jabari-walker.png,cached,
Jacob Toppin,ATL,Hawks,25-26,https://www.statmuse.com/nba/ask/Jacob%20Toppin%20stats%20in%202026,,,0221_jacob-toppin.png,cached,
Jaden Hardy,DAL,Mavericks,25-26,https://www.statmuse.com/nba/ask/Jaden%20Hardy%20stats%20in%202026,,,0222_jaden-hardy.png,cached,
Jaden Ivey,CHI,Bulls,25-26,https://www.statmuse.com/nba/ask/Jaden%20Ivey%20stats%20in%202026,,,0223_jaden-ivey.png,cached,
Jaden McDaniels,MIN,Timberwolves,25-26,https://www.statmuse.com/nba/ask/Jaden%20McDaniels%20stats%20in%202026,,,0224_jaden-mcdaniels.png,cached,
Jae'Sean Tate,HOU,Rockets,25-26,https://www.statmuse.com/nba/ask/Jae%27Sean%20Tate%20stats%20in%202026,,,0225_jae-sean-tate.png,cached,
Jahmai Mashack,MEM,Grizzlies,25-26,https://www.statmuse.com/nba/ask/Jahmai%20Mashack%20stats%20in%202026,,,0226_jahmai-mashack.png,cached,
Jahmir Young,MIA,Heat,25-26,https://www.statmuse.com/nba/ask/Jahmir%20Young%20stats%20in%202026,,,0227_jahmir-young.png,cached,
Jahmyl Telfort,LAC,Clippers,25-26,https://www.statmuse.com/nba/ask/Jahmyl%20Telfort%20stats%20in%202026,,,0228_jahmyl-telfort.png,cached,
Jaime Jaquez Jr.,MIA,Heat,25-26,https://www.statmuse.com/nba/ask/Jaime%20Jaquez%20Jr.%20stats%20in%202026,,,0229_jaime-jaquez-jr.png,cached,
Jake LaRavia,LAL,Lakers,25-26,https://www.statmuse.com/nba/ask/Jake%20LaRavia%20stats%20in%202026,,,0230_jake-laravia.png,cached,
Jakob Poeltl,TOR,Raptors,25-26,https://www.statmuse.com/nba/ask/Jakob%20Poeltl%20stats%20in%202026,,,0231_jakob-poeltl.png,cached,
Jalen Brunson,NYK,Knicks,25-26,https://www.statmuse.com/nba/ask/Jalen%20Brunson%20stats%20in%202026,,,0232_jalen-brunson.png,cached,
Jalen Duren,DET,Pistons,25-26,https://www.statmuse.com/nba/ask/Jalen%20Duren%20stats%20in%202026,,,0233_jalen-duren.png,cached,
Jalen Green,PHX,Suns,25-26,https://www.statmuse.com/nba/ask/Jalen%20Green%20stats%20in%202026,,,0234_jalen-green.png,cached,
Jalen Johnson,ATL,Hawks,25-26,https://www.statmuse.com/nba/ask/Jalen%20Johnson%20stats%20in%202026,,,0235_jalen-johnson.png,cached,
Jalen Pickett,DEN,Nuggets,25-26,https://www.statmuse.com/nba/ask/Jalen%20Pickett%20stats%20in%202026,,,0236_jalen-pickett.png,cached,
Jalen Slawson,IND,Pacers,25-26,https://www.statmuse.com/nba/ask/Jalen%20Slawson%20stats%20in%202026,,,0237_jalen-slawson.png,cached,
Jalen Smith,CHI,Bulls,25-26,https://www.statmuse.com/nba/ask/Jalen%20Smith%20stats%20in%202026,,,0238_jalen-smith.png,cached,
Jalen Suggs,ORL,Magic,25-26,https://www.statmuse.com/nba/ask/Jalen%20Suggs%20stats%20in%202026,,,0239_jalen-suggs.png,cached,
Jalen Williams,OKC,Thunder,25-26,https://www.statmuse.com/nba/ask/Jalen%20Williams%20stats%20in%202026,,,0240_jalen-williams.png,cached,
Jalen Wilson,BKN,Nets,25-26,https://www.statmuse.com/nba/ask/Jalen%20Wilson%20stats%20in%202026,,,0241_jalen-wilson.png,cached,
Jamal Cain,ORL,Magic,25-26,https://www.statmuse.com/nba/ask/Jamal%20Cain%20stats%20in%202026,,,0242_jamal-cain.png,cached,
Jamal Murray,DEN,Nuggets,25-26,https://www.statmuse.com/nba/ask/Jamal%20Murray%20stats%20in%202026,,,0243_jamal-murray.png,cached,
Jamal Shead,TOR,Raptors,25-26,https://www.statmuse.com/nba/ask/Jamal%20Shead%20stats%20in%202026,,,0244_jamal-shead.png,cached,
Jamaree Bouyea,PHX,Suns,25-26,https://www.statmuse.com/nba/ask/Jamaree%20Bouyea%20stats%20in%202026,,,0245_jamaree-bouyea.png,cached,
James Harden,CLE,Cavaliers,25-26,https://www.statmuse.com/nba/ask/James%20Harden%20stats%20in%202026,,,0246_james-harden.png,cached,
James Wiseman,IND,Pacers,25-26,https://www.statmuse.com/nba/ask/James%20Wiseman%20stats%20in%202026,,,0247_james-wiseman.png,cached,
Jamir Watkins,WAS,Wizards,25-26,https://www.statmuse.com/nba/ask/Jamir%20Watkins%20stats%20in%202026,,,0248_jamir-watkins.png,cached,
Jamison Battle,TOR,Raptors,25-26,https://www.statmuse.com/nba/ask/Jamison%20Battle%20stats%20in%202026,,,0249_jamison-battle.png,cached,
Jarace Walker,IND,Pacers,25-26,https://www.statmuse.com/nba/ask/Jarace%20Walker%20stats%20in%202026,,,0250_jarace-walker.png,cached,
Jared McCain,PHI,76ers,25-26,https://www.statmuse.com/nba/ask/Jared%20McCain%20stats%20in%202026,,,0251_jared-mccain.png,cached,
Jaren Jackson Jr.,MEM,Grizzlies,25-26,https://www.statmuse.com/nba/ask/Jaren%20Jackson%20Jr.%20stats%20in%202026,,,0252_jaren-jackson-jr.png,cached,
Jarred Vanderbilt,LAL,Lakers,25-26,https://www.statmuse.com/nba/ask/Jarred%20Vanderbilt%20stats%20in%202026,,,0253_jarred-vanderbilt.png,cached,
Jarrett Allen,CLE,Cavaliers,25-26,https://www.statmuse.com/nba/ask/Jarrett%20Allen%20stats%20in%202026,,,0254_jarrett-allen.png,cached,
Jase Richardson,ORL,Magic,25-26,https://www.statmuse.com/nba/ask/Jase%20Richardson%20stats%20in%202026,,,0255_jase-richardson.png,cached,
Javon Small,MEM,Grizzlies,25-26,https://www.statmuse.com/nba/ask/Javon%20Small%20stats%20in%202026,,,0256_javon-small.png,cached,
Javonte Cooke,POR,Trail Blazers,25-26,https://www.statmuse.com/nba/ask/Javonte%20Cooke%20stats%20in%202026,,,0257_javonte-cooke.png,cached,
Javonte Green,DET,Pistons,25-26,https://www.statmuse.com/nba/ask/Javonte%20Green%20stats%20in%202026,,,0258_javonte-green.png,cached,
Jaxson Hayes,LAL,Lakers,25-26,https://www.statmuse.com/nba/ask/Jaxson%20Hayes%20stats%20in%202026,,,0259_jaxson-hayes.png,cached,
Jay Huff,IND,Pacers,25-26,https://www.statmuse.com/nba/ask/Jay%20Huff%20stats%20in%202026,,,0260_jay-huff.png,cached,
Jaylen Brown,BOS,Celtics,25-26,https://www.statmuse.com/nba/ask/Jaylen%20Brown%20stats%20in%202026,,,0261_jaylen-brown.png,cached,
Jaylen Clark,MIN,Timberwolves,25-26,https://www.statmuse.com/nba/ask/Jaylen%20Clark%20stats%20in%202026,,,0262_jaylen-clark.png,cached,
Jaylen Wells,MEM,Grizzlies,25-26,https://www.statmuse.com/nba/ask/Jaylen%20Wells%20stats%20in%202026,,,0263_jaylen-wells.png,cached,
Jaylin Williams,OKC,Thunder,25-26,https://www.statmuse.com/nba/ask/Jaylin%20Williams%20stats%20in%202026,,,0264_jaylin-williams.png,cached,
Jaylon Tyson,CLE,Cavaliers,25-26,https://www.statmuse.com/nba/ask/Jaylon%20Tyson%20stats%20in%202026,,,0265_jaylon-tyson.png,cached,
Jayson Kent,POR,Trail Blazers,25-26,https://www.statmuse.com/nba/ask/Jayson%20Kent%20stats%20in%202026,,,0266_jayson-kent.png,cached,
Jayson Tatum,BOS,Celtics,25-26,https://www.statmuse.com/nba/ask/Jayson%20Tatum%20stats%20in%202026,,,0267_jayson-tatum.png,cached,
Jeff Green,HOU,Rockets,25-26,https://www.statmuse.com/nba/ask/Jeff%20Green%20stats%20in%202026,,,0268_jeff-green.png,cached,
Jerami Grant,POR,Trail Blazers,25-26,https://www.statmuse.com/nba/ask/Jerami%20Grant%20stats%20in%202026,,,0269_jerami-grant.png,cached,
Jeremiah Fears,NOP,Pelicans,25-26,https://www.statmuse.com/nba/ask/Jeremiah%20Fears%20stats%20in%202026,,,0270_jeremiah-fears.png,cached,
Jeremiah Robinson-Earl,DAL,Mavericks,25-26,https://www.statmuse.com/nba/ask/Jeremiah%20Robinson-Earl%20stats%20in%202026,,,0271_jeremiah-robinson-earl.png,cached,
Jeremy Sochan,NYK,Knicks,25-26,https://www.statmuse.com/nba/ask/Jeremy%20Sochan%20stats%20in%202026,,,0272_jeremy-sochan.png,cached,
Jericho Sims,MIL,Bucks,25-26,https://www.statmuse.com/nba/ask/Jericho%20Sims%20stats%20in%202026,,,0273_jericho-sims.png,cached,
Jett Howard,ORL,Magic,25-26,https://www.statmuse.com/nba/ask/Jett%20Howard%20stats%20in%202026,,,0274_jett-howard.png,cached,
Jevon Carter,CHI,Bulls,25-26,https://www.statmuse.com/nba/ask/Jevon%20Carter%20stats%20in%202026,,,0275_jevon-carter.png,cached,
Jimmy Butler III,GSW,Warriors,25-26,https://www.statmuse.com/nba/ask/Jimmy%20Butler%20III%20stats%20in%202026,,,0276_jimmy-butler-iii.png,cached,
Joan Beringer,MIN,Timberwolves,25-26,https://www.statmuse.com/nba/ask/Joan%20Beringer%20stats%20in%202026,,,0277_joan-beringer.png,cached,
Jock Landale,MEM,Grizzlies,25-26,https://www.statmuse.com/nba/ask/Jock%20Landale%20stats%20in%202026,,,0278_jock-landale.png,cached,
Joe Ingles,MIN,Timberwolves,25-26,https://www.statmuse.com/nba/ask/Joe%20Ingles%20stats%20in%202026,,,0279_joe-ingles.png,cached,
Joel Embiid,PHI,76ers,25-26,https://www.statmuse.com/nba/ask/Joel%20Embiid%20stats%20in%202026,,,0280_joel-embiid.png,cached,
John Collins,LAC,Clippers,25-26,https://www.statmuse.com/nba/ask/John%20Collins%20stats%20in%202026,,,0281_john-collins.png,cached,
John Konchar,MEM,Grizzlies,25-26,https://www.statmuse.com/nba/ask/John%20Konchar%20stats%20in%202026,,,0282_john-konchar.png,cached,
John Poulakidas,DAL,Mavericks,25-26,https://www.statmuse.com/nba/ask/John%20Poulakidas%20stats%20in%202026,,,0283_john-poulakidas.png,cached,
John Tonje,BOS,Celtics,25-26,https://www.statmuse.com/nba/ask/John%20Tonje%20stats%20in%202026,,,0284_john-tonje.png,cached,
Johni Broome,PHI,76ers,25-26,https://www.statmuse.com/nba/ask/Johni%20Broome%20stats%20in%202026,,,0285_johni-broome.png,cached,
Johnny Furphy,IND,Pacers,25-26,https://www.statmuse.com/nba/ask/Johnny%20Furphy%20stats%20in%202026,,,0286_johnny-furphy.png,cached,
Johnny Juzang,MIN,Timberwolves,25-26,https://www.statmuse.com/nba/ask/Johnny%20Juzang%20stats%20in%202026,,,0287_johnny-juzang.png,cached,
Jonas ValanÄiÅ«nas,DEN,Nuggets,25-26,https://www.statmuse.com/nba/ask/Jonas%20Valan%C4%8Di%C5%ABnas%20stats%20in%202026,,,0288_jonas-valan-i-nas.png,cached,
Jonathan Isaac,ORL,Magic,25-26,https://www.statmuse.com/nba/ask/Jonathan%20Isaac%20stats%20in%202026,,,0289_jonathan-isaac.png,cached,
Jonathan Kuminga,ATL,Hawks,25-26,https://www.statmuse.com/nba/ask/Jonathan%20Kuminga%20stats%20in%202026,,,0290_jonathan-kuminga.png,cached,
Jonathan Mogbo,TOR,Raptors,25-26,https://www.statmuse.com/nba/ask/Jonathan%20Mogbo%20stats%20in%202026,,,0291_jonathan-mogbo.png,cached,
Jordan Clarkson,NYK,Knicks,25-26,https://www.statmuse.com/nba/ask/Jordan%20Clarkson%20stats%20in%202026,,,0292_jordan-clarkson.png,cached,
Jordan Goodwin,PHX,Suns,25-26,https://www.statmuse.com/nba/ask/Jordan%20Goodwin%20stats%20in%202026,,,0293_jordan-goodwin.png,cached,
Jordan Hawkins,NOP,Pelicans,25-26,https://www.statmuse.com/nba/ask/Jordan%20Hawkins%20stats%20in%202026,,,0294_jordan-hawkins.png,cached,
Jordan McLaughlin,SAS,Spurs,25-26,https://www.statmuse.com/nba/ask/Jordan%20McLaughlin%20stats%20in%202026,,,0295_jordan-mclaughlin.png,cached,
Jordan Miller,LAC,Clippers,25-26,https://www.statmuse.com/nba/ask/Jordan%20Miller%20stats%20in%202026,,,0296_jordan-miller.png,cached,
Jordan Poole,NOP,Pelicans,25-26,https://www.statmuse.com/nba/ask/Jordan%20Poole%20stats%20in%202026,,,0297_jordan-poole.png,cached,
Jordan Walsh,BOS,Celtics,25-26,https://www.statmuse.com/nba/ask/Jordan%20Walsh%20stats%20in%202026,,,0298_jordan-walsh.png,cached,
Jose Alvarado,NYK,Knicks,25-26,https://www.statmuse.com/nba/ask/Jose%20Alvarado%20stats%20in%202026,,,0299_jose-alvarado.png,cached,
Josh Giddey,CHI,Bulls,25-26,https://www.statmuse.com/nba/ask/Josh%20Giddey%20stats%20in%202026,,,0300_josh-giddey.png,cached,
Josh Green,CHA,Hornets,25-26,https://www.statmuse.com/nba/ask/Josh%20Green%20stats%20in%202026,,,0301_josh-green.png,cached,
Josh Hart,NYK,Knicks,25-26,https://www.statmuse.com/nba/ask/Josh%20Hart%20stats%20in%202026,,,0302_josh-hart.png,cached,
Josh Minott,BOS,Celtics,25-26,https://www.statmuse.com/nba/ask/Josh%20Minott%20stats%20in%202026,,,0303_josh-minott.png,cached,
Josh Oduro,NOP,Pelicans,25-26,https://www.statmuse.com/nba/ask/Josh%20Oduro%20stats%20in%202026,,,0304_josh-oduro.png,cached,
Josh Okogie,HOU,Rockets,25-26,https://www.statmuse.com/nba/ask/Josh%20Okogie%20stats%20in%202026,,,0305_josh-okogie.png,cached,
Jrue Holiday,POR,Trail Blazers,25-26,https://www.statmuse.com/nba/ask/Jrue%20Holiday%20stats%20in%202026,,,0306_jrue-holiday.png,cached,
Julian Champagnie,SAS,Spurs,25-26,https://www.statmuse.com/nba/ask/Julian%20Champagnie%20stats%20in%202026,,,0307_julian-champagnie.png,cached,
Julian Phillips,CHI,Bulls,25-26,https://www.statmuse.com/nba/ask/Julian%20Phillips%20stats%20in%202026,,,0308_julian-phillips.png,cached,
Julian Reese,WAS,Wizards,25-26,https://www.statmuse.com/nba/ask/Julian%20Reese%20stats%20in%202026,,,0309_julian-reese.png,cached,
Julian Strawther,DEN,Nuggets,25-26,https://www.statmuse.com/nba/ask/Julian%20Strawther%20stats%20in%202026,,,0310_julian-strawther.png,cached,
Julius Randle,MIN,Timberwolves,25-26,https://www.statmuse.com/nba/ask/Julius%20Randle%20stats%20in%202026,,,0311_julius-randle.png,cached,
Justin Champagnie,WAS,Wizards,25-26,https://www.statmuse.com/nba/ask/Justin%20Champagnie%20stats%20in%202026,,,0312_justin-champagnie.png,cached,
Justin Edwards,PHI,76ers,25-26,https://www.statmuse.com/nba/ask/Justin%20Edwards%20stats%20in%202026,,,0313_justin-edwards.png,cached,
Jusuf NurkiÄ,UTA,Jazz,25-26,https://www.statmuse.com/nba/ask/Jusuf%20Nurki%C4%87%20stats%20in%202026,,,0314_jusuf-nurki.png,cached,
KJ Simpson,CHA,Hornets,25-26,https://www.statmuse.com/nba/ask/KJ%20Simpson%20stats%20in%202026,,,0315_kj-simpson.png,cached,
Kadary Richmond,WAS,Wizards,25-26,https://www.statmuse.com/nba/ask/Kadary%20Richmond%20stats%20in%202026,,,0316_kadary-richmond.png,cached,
Kam Jones,IND,Pacers,25-26,https://www.statmuse.com/nba/ask/Kam%20Jones%20stats%20in%202026,,,0317_kam-jones.png,cached,
Karl-Anthony Towns,NYK,Knicks,25-26,https://www.statmuse.com/nba/ask/Karl-Anthony%20Towns%20stats%20in%202026,,,0318_karl-anthony-towns.png,cached,
Karlo MatkoviÄ,NOP,Pelicans,25-26,https://www.statmuse.com/nba/ask/Karlo%20Matkovi%C4%87%20stats%20in%202026,,,0319_karlo-matkovi.png,cached,
Kasparas JakuÄionis,MIA,Heat,25-26,https://www.statmuse.com/nba/ask/Kasparas%20Jaku%C4%8Dionis%20stats%20in%202026,,,0320_kasparas-jaku-ionis.png,cached,
Kawhi Leonard,LAC,Clippers,25-26,https://www.statmuse.com/nba/ask/Kawhi%20Leonard%20stats%20in%202026,,,0321_kawhi-leonard.png,cached,
Keaton Wallace,ATL,Hawks,25-26,https://www.statmuse.com/nba/ask/Keaton%20Wallace%20stats%20in%202026,,,0322_keaton-wallace.png,cached,
Keegan Murray,SAC,Kings,25-26,https://www.statmuse.com/nba/ask/Keegan%20Murray%20stats%20in%202026,,,0323_keegan-murray.png,cached,
Kel'el Ware,MIA,Heat,25-26,https://www.statmuse.com/nba/ask/Kel%27el%20Ware%20stats%20in%202026,,,0324_kel-el-ware.png,cached,
Keldon Johnson,SAS,Spurs,25-26,https://www.statmuse.com/nba/ask/Keldon%20Johnson%20stats%20in%202026,,,0325_keldon-johnson.png,cached,
Kelly Olynyk,SAS,Spurs,25-26,https://www.statmuse.com/nba/ask/Kelly%20Olynyk%20stats%20in%202026,,,0326_kelly-olynyk.png,cached,
Kelly Oubre Jr.,PHI,76ers,25-26,https://www.statmuse.com/nba/ask/Kelly%20Oubre%20Jr.%20stats%20in%202026,,,0327_kelly-oubre-jr.png,cached,
Kennedy Chandler,UTA,Jazz,25-26,https://www.statmuse.com/nba/ask/Kennedy%20Chandler%20stats%20in%202026,,,0328_kennedy-chandler.png,cached,
Kenrich Williams,OKC,Thunder,25-26,https://www.statmuse.com/nba/ask/Kenrich%20Williams%20stats%20in%202026,,,0329_kenrich-williams.png,cached,
Kentavious Caldwell-Pope,MEM,Grizzlies,25-26,https://www.statmuse.com/nba/ask/Kentavious%20Caldwell-Pope%20stats%20in%202026,,,0330_kentavious-caldwell-pope.png,cached,
Keon Ellis,CLE,Cavaliers,25-26,https://www.statmuse.com/nba/ask/Keon%20Ellis%20stats%20in%202026,,,0331_keon-ellis.png,cached,
Keshad Johnson,MIA,Heat,25-26,https://www.statmuse.com/nba/ask/Keshad%20Johnson%20stats%20in%202026,,,0332_keshad-johnson.png,cached,
Keshon Gilbert,ATL,Hawks,25-26,https://www.statmuse.com/nba/ask/Keshon%20Gilbert%20stats%20in%202026,,,0333_keshon-gilbert.png,cached,
Kevin Durant,HOU,Rockets,25-26,https://www.statmuse.com/nba/ask/Kevin%20Durant%20stats%20in%202026,,,0334_kevin-durant.png,cached,
Kevin Huerter,CHI,Bulls,25-26,https://www.statmuse.com/nba/ask/Kevin%20Huerter%20stats%20in%202026,,,0335_kevin-huerter.png,cached,
Kevin Love,UTA,Jazz,25-26,https://www.statmuse.com/nba/ask/Kevin%20Love%20stats%20in%202026,,,0336_kevin-love.png,cached,
Kevin McCullar Jr.,NYK,Knicks,25-26,https://www.statmuse.com/nba/ask/Kevin%20McCullar%20Jr.%20stats%20in%202026,,,0337_kevin-mccullar-jr.png,cached,
Kevin Porter Jr.,MIL,Bucks,25-26,https://www.statmuse.com/nba/ask/Kevin%20Porter%20Jr.%20stats%20in%202026,,,0338_kevin-porter-jr.png,cached,
Kevon Looney,NOP,Pelicans,25-26,https://www.statmuse.com/nba/ask/Kevon%20Looney%20stats%20in%202026,,,0339_kevon-looney.png,cached,
Keyonte George,UTA,Jazz,25-26,https://www.statmuse.com/nba/ask/Keyonte%20George%20stats%20in%202026,,,0340_keyonte-george.png,cached,
Khaman Maluach,PHX,Suns,25-26,https://www.statmuse.com/nba/ask/Khaman%20Maluach%20stats%20in%202026,,,0341_khaman-maluach.png,cached,
Khris Middleton,DAL,Mavericks,25-26,https://www.statmuse.com/nba/ask/Khris%20Middleton%20stats%20in%202026,,,0342_khris-middleton.png,cached,
Killian Hayes,SAC,Kings,25-26,https://www.statmuse.com/nba/ask/Killian%20Hayes%20stats%20in%202026,,,0343_killian-hayes.png,cached,
Klay Thompson,DAL,Mavericks,25-26,https://www.statmuse.com/nba/ask/Klay%20Thompson%20stats%20in%202026,,,0344_klay-thompson.png,cached,
Kobe Brown,LAC,Clippers,25-26,https://www.statmuse.com/nba/ask/Kobe%20Brown%20stats%20in%202026,,,0345_kobe-brown.png,cached,
Kobe Bufkin,LAL,Lakers,25-26,https://www.statmuse.com/nba/ask/Kobe%20Bufkin%20stats%20in%202026,,,0346_kobe-bufkin.png,cached,
Kobe Sanders,LAC,Clippers,25-26,https://www.statmuse.com/nba/ask/Kobe%20Sanders%20stats%20in%202026,,,0347_kobe-sanders.png,cached,
Koby Brea,PHX,Suns,25-26,https://www.statmuse.com/nba/ask/Koby%20Brea%20stats%20in%202026,,,0348_koby-brea.png,cached,
Kon Knueppel,CHA,Hornets,25-26,https://www.statmuse.com/nba/ask/Kon%20Knueppel%20stats%20in%202026,,,0349_kon-knueppel.png,cached,
Kris Dunn,LAC,Clippers,25-26,https://www.statmuse.com/nba/ask/Kris%20Dunn%20stats%20in%202026,,,0350_kris-dunn.png,cached,
Kris Murray,POR,Trail Blazers,25-26,https://www.statmuse.com/nba/ask/Kris%20Murray%20stats%20in%202026,,,0351_kris-murray.png,cached,
Kristaps PorziÅÄ£is,ATL,Hawks,25-26,https://www.statmuse.com/nba/ask/Kristaps%20Porzi%C5%86%C4%A3is%20stats%20in%202026,,,0352_kristaps-porzi-is.png,cached,
Kyle Anderson,MEM,Grizzlies,25-26,https://www.statmuse.com/nba/ask/Kyle%20Anderson%20stats%20in%202026,,,0353_kyle-anderson.png,cached,
Kyle Filipowski,UTA,Jazz,25-26,https://www.statmuse.com/nba/ask/Kyle%20Filipowski%20stats%20in%202026,,,0354_kyle-filipowski.png,cached,
Kyle Kuzma,MIL,Bucks,25-26,https://www.statmuse.com/nba/ask/Kyle%20Kuzma%20stats%20in%202026,,,0355_kyle-kuzma.png,cached,
Kyle Lowry,PHI,76ers,25-26,https://www.statmuse.com/nba/ask/Kyle%20Lowry%20stats%20in%202026,,,0356_kyle-lowry.png,cached,
Kyshawn George,WAS,Wizards,25-26,https://www.statmuse.com/nba/ask/Kyshawn%20George%20stats%20in%202026,,,0357_kyshawn-george.png,cached,
LJ Cryer,GSW,Warriors,25-26,https://www.statmuse.com/nba/ask/LJ%20Cryer%20stats%20in%202026,,,0358_lj-cryer.png,cached,
LaMelo Ball,CHA,Hornets,25-26,https://www.statmuse.com/nba/ask/LaMelo%20Ball%20stats%20in%202026,,,0359_lamelo-ball.png,cached,
Lachlan Olbrich,CHI,Bulls,25-26,https://www.statmuse.com/nba/ask/Lachlan%20Olbrich%20stats%20in%202026,,,0360_lachlan-olbrich.png,cached,
Landry Shamet,NYK,Knicks,25-26,https://www.statmuse.com/nba/ask/Landry%20Shamet%20stats%20in%202026,,,0361_landry-shamet.png,cached,
Larry Nance Jr.,CLE,Cavaliers,25-26,https://www.statmuse.com/nba/ask/Larry%20Nance%20Jr.%20stats%20in%202026,,,0362_larry-nance-jr.png,cached,
Lauri Markkanen,UTA,Jazz,25-26,https://www.statmuse.com/nba/ask/Lauri%20Markkanen%20stats%20in%202026,,,0363_lauri-markkanen.png,cached,
Lawson Lovering,MEM,Grizzlies,25-26,https://www.statmuse.com/nba/ask/Lawson%20Lovering%20stats%20in%202026,,,0364_lawson-lovering.png,cached,
LeBron James,LAL,Lakers,25-26,https://www.statmuse.com/nba/ask/LeBron%20James%20stats%20in%202026,,,0365_lebron-james.png,cached,
Leaky Black,WAS,Wizards,25-26,https://www.statmuse.com/nba/ask/Leaky%20Black%20stats%20in%202026,,,0366_leaky-black.png,cached,
Leonard Miller,CHI,Bulls,25-26,https://www.statmuse.com/nba/ask/Leonard%20Miller%20stats%20in%202026,,,0367_leonard-miller.png,cached,
Liam McNeeley,CHA,Hornets,25-26,https://www.statmuse.com/nba/ask/Liam%20McNeeley%20stats%20in%202026,,,0368_liam-mcneeley.png,cached,
Lindy Waters III,SAS,Spurs,25-26,https://www.statmuse.com/nba/ask/Lindy%20Waters%20III%20stats%20in%202026,,,0369_lindy-waters-iii.png,cached,
Lonzo Ball,CLE,Cavaliers,25-26,https://www.statmuse.com/nba/ask/Lonzo%20Ball%20stats%20in%202026,,,0370_lonzo-ball.png,cached,
Lucas Williamson,MEM,Grizzlies,25-26,https://www.statmuse.com/nba/ask/Lucas%20Williamson%20stats%20in%202026,,,0371_lucas-williamson.png,cached,
Luguentz Dort,OKC,Thunder,25-26,https://www.statmuse.com/nba/ask/Luguentz%20Dort%20stats%20in%202026,,,0372_luguentz-dort.png,cached,
Luka DonÄiÄ,LAL,Lakers,25-26,https://www.statmuse.com/nba/ask/Luka%20Don%C4%8Di%C4%87%20stats%20in%202026,,,0373_luka-don-i.png,cached,
Luka Garza,BOS,Celtics,25-26,https://www.statmuse.com/nba/ask/Luka%20Garza%20stats%20in%202026,,,0374_luka-garza.png,cached,
Luke Kennard,ATL,Hawks,25-26,https://www.statmuse.com/nba/ask/Luke%20Kennard%20stats%20in%202026,,,0375_luke-kennard.png,cached,
Luke Kornet,SAS,Spurs,25-26,https://www.statmuse.com/nba/ask/Luke%20Kornet%20stats%20in%202026,,,0376_luke-kornet.png,cached,
Luke Travers,CLE,Cavaliers,25-26,https://www.statmuse.com/nba/ask/Luke%20Travers%20stats%20in%202026,,,0377_luke-travers.png,cached,
Mac McClung,CHI,Bulls,25-26,https://www.statmuse.com/nba/ask/Mac%20McClung%20stats%20in%202026,,,0378_mac-mcclung.png,cached,
Malachi Smith,BKN,Nets,25-26,https://www.statmuse.com/nba/ask/Malachi%20Smith%20stats%20in%202026,,,0379_malachi-smith.png,cached,
Malaki Branham,WAS,Wizards,25-26,https://www.statmuse.com/nba/ask/Malaki%20Branham%20stats%20in%202026,,,0380_malaki-branham.png,cached,
Malevy Leons,GSW,Warriors,25-26,https://www.statmuse.com/nba/ask/Malevy%20Leons%20stats%20in%202026,,,0381_malevy-leons.png,cached,
Malik Monk,SAC,Kings,25-26,https://www.statmuse.com/nba/ask/Malik%20Monk%20stats%20in%202026,,,0382_malik-monk.png,cached,
MarJon Beauchamp,PHI,76ers,25-26,https://www.statmuse.com/nba/ask/MarJon%20Beauchamp%20stats%20in%202026,,,0383_marjon-beauchamp.png,cached,
Marcus Sasser,DET,Pistons,25-26,https://www.statmuse.com/nba/ask/Marcus%20Sasser%20stats%20in%202026,,,0384_marcus-sasser.png,cached,
Marcus Smart,LAL,Lakers,25-26,https://www.statmuse.com/nba/ask/Marcus%20Smart%20stats%20in%202026,,,0385_marcus-smart.png,cached,
Mark Sears,MIL,Bucks,25-26,https://www.statmuse.com/nba/ask/Mark%20Sears%20stats%20in%202026,,,0386_mark-sears.png,cached,
Mark Williams,PHX,Suns,25-26,https://www.statmuse.com/nba/ask/Mark%20Williams%20stats%20in%202026,,,0387_mark-williams.png,cached,
Markelle Fultz,TOR,Raptors,25-26,https://www.statmuse.com/nba/ask/Markelle%20Fultz%20stats%20in%202026,,,0388_markelle-fultz.png,cached,
Marvin Bagley III,DAL,Mavericks,25-26,https://www.statmuse.com/nba/ask/Marvin%20Bagley%20III%20stats%20in%202026,,,0389_marvin-bagley-iii.png,cached,
Mason Plumlee,CHA,Hornets,25-26,https://www.statmuse.com/nba/ask/Mason%20Plumlee%20stats%20in%202026,,,0390_mason-plumlee.png,cached,
Matas Buzelis,CHI,Bulls,25-26,https://www.statmuse.com/nba/ask/Matas%20Buzelis%20stats%20in%202026,,,0391_matas-buzelis.png,cached,
Matisse Thybulle,POR,Trail Blazers,25-26,https://www.statmuse.com/nba/ask/Matisse%20Thybulle%20stats%20in%202026,,,0392_matisse-thybulle.png,cached,
Max Christie,DAL,Mavericks,25-26,https://www.statmuse.com/nba/ask/Max%20Christie%20stats%20in%202026,,,0393_max-christie.png,cached,
Max Shulga,BOS,Celtics,25-26,https://www.statmuse.com/nba/ask/Max%20Shulga%20stats%20in%202026,,,0394_max-shulga.png,cached,
Max Strus,CLE,Cavaliers,25-26,https://www.statmuse.com/nba/ask/Max%20Strus%20stats%20in%202026,,,0395_max-strus.png,cached,
Maxi Kleber,LAL,Lakers,25-26,https://www.statmuse.com/nba/ask/Maxi%20Kleber%20stats%20in%202026,,,0396_maxi-kleber.png,cached,
Maxime Raynaud,SAC,Kings,25-26,https://www.statmuse.com/nba/ask/Maxime%20Raynaud%20stats%20in%202026,,,0397_maxime-raynaud.png,cached,
Micah Peavy,NOP,Pelicans,25-26,https://www.statmuse.com/nba/ask/Micah%20Peavy%20stats%20in%202026,,,0398_micah-peavy.png,cached,
Micah Potter,IND,Pacers,25-26,https://www.statmuse.com/nba/ask/Micah%20Potter%20stats%20in%202026,,,0399_micah-potter.png,cached,
Michael Porter Jr.,BKN,Nets,25-26,https://www.statmuse.com/nba/ask/Michael%20Porter%20Jr.%20stats%20in%202026,,,0400_michael-porter-jr.png,cached,
Mikal Bridges,NYK,Knicks,25-26,https://www.statmuse.com/nba/ask/Mikal%20Bridges%20stats%20in%202026,,,0401_mikal-bridges.png,cached,
Mike Conley,MIN,Timberwolves,25-26,https://www.statmuse.com/nba/ask/Mike%20Conley%20stats%20in%202026,,,0402_mike-conley.png,cached,
Miles Bridges,CHA,Hornets,25-26,https://www.statmuse.com/nba/ask/Miles%20Bridges%20stats%20in%202026,,,0403_miles-bridges.png,cached,
Miles Kelly,DAL,Mavericks,25-26,https://www.statmuse.com/nba/ask/Miles%20Kelly%20stats%20in%202026,,,0404_miles-kelly.png,cached,
Miles McBride,NYK,Knicks,25-26,https://www.statmuse.com/nba/ask/Miles%20McBride%20stats%20in%202026,,,0405_miles-mcbride.png,cached,
Mitchell Robinson,NYK,Knicks,25-26,https://www.statmuse.com/nba/ask/Mitchell%20Robinson%20stats%20in%202026,,,0406_mitchell-robinson.png,cached,
Mo Bamba,UTA,Jazz,25-26,https://www.statmuse.com/nba/ask/Mo%20Bamba%20stats%20in%202026,,,0407_mo-bamba.png,cached,
Mohamed Diawara,NYK,Knicks,25-26,https://www.statmuse.com/nba/ask/Mohamed%20Diawara%20stats%20in%202026,,,0408_mohamed-diawara.png,cached,
MontÃ© Morris,IND,Pacers,25-26,https://www.statmuse.com/nba/ask/Mont%C3%A9%20Morris%20stats%20in%202026,/_image?href=https%3A%2F%2Fcdn.statmuse.com%2Fimg%2Fnba%2Fplayers%2Findiana-pacers-monte-morris--qpjkxjse.png&w=200&h=200&f=webp,https://cdn.statmuse.com/img/nba/players/indiana-pacers-monte-morris--qpjkxjse.png,0409_mont-morris.png,ok,
Moritz Wagner,ORL,Magic,25-26,https://www.statmuse.com/nba/ask/Moritz%20Wagner%20stats%20in%202026,,,0410_moritz-wagner.png,cached,
Moses Moody,GSW,Warriors,25-26,https://www.statmuse.com/nba/ask/Moses%20Moody%20stats%20in%202026,,,0411_moses-moody.png,cached,
Mouhamadou Gueye,CHI,Bulls,25-26,https://www.statmuse.com/nba/ask/Mouhamadou%20Gueye%20stats%20in%202026,,,0412_mouhamadou-gueye.png,cached,
Mouhamed Gueye,ATL,Hawks,25-26,https://www.statmuse.com/nba/ask/Mouhamed%20Gueye%20stats%20in%202026,,,0413_mouhamed-gueye.png,cached,
Moussa Cisse,DAL,Mavericks,25-26,https://www.statmuse.com/nba/ask/Moussa%20Cisse%20stats%20in%202026,,,0414_moussa-cisse.png,cached,
Moussa DiabatÃ©,CHA,Hornets,25-26,https://www.statmuse.com/nba/ask/Moussa%20Diabat%C3%A9%20stats%20in%202026,,,0415_moussa-diabat.png,cached,
Myles Turner,MIL,Bucks,25-26,https://www.statmuse.com/nba/ask/Myles%20Turner%20stats%20in%202026,,,0416_myles-turner.png,cached,
Myron Gardner,MIA,Heat,25-26,https://www.statmuse.com/nba/ask/Myron%20Gardner%20stats%20in%202026,,,0417_myron-gardner.png,cached,
N'Faly Dante,ATL,Hawks,25-26,https://www.statmuse.com/nba/ask/N%27Faly%20Dante%20stats%20in%202026,,,0418_n-faly-dante.png,cached,
Nae'Qwan Tomlin,CLE,Cavaliers,25-26,https://www.statmuse.com/nba/ask/Nae%27Qwan%20Tomlin%20stats%20in%202026,,,0419_nae-qwan-tomlin.png,cached,
Naji Marshall,DAL,Mavericks,25-26,https://www.statmuse.com/nba/ask/Naji%20Marshall%20stats%20in%202026,,,0420_naji-marshall.png,cached,
Nate Williams,GSW,Warriors,25-26,https://www.statmuse.com/nba/ask/Nate%20Williams%20stats%20in%202026,,,0421_nate-williams.png,cached,
Naz Reid,MIN,Timberwolves,25-26,https://www.statmuse.com/nba/ask/Naz%20Reid%20stats%20in%202026,,,0422_naz-reid.png,cached,
Neemias Queta,BOS,Celtics,25-26,https://www.statmuse.com/nba/ask/Neemias%20Queta%20stats%20in%202026,,,0423_neemias-queta.png,cached,
Nic Claxton,BKN,Nets,25-26,https://www.statmuse.com/nba/ask/Nic%20Claxton%20stats%20in%202026,,,0424_nic-claxton.png,cached,
Nick Richards,CHI,Bulls,25-26,https://www.statmuse.com/nba/ask/Nick%20Richards%20stats%20in%202026,,,0425_nick-richards.png,cached,
Nick Smith Jr.,LAL,Lakers,25-26,https://www.statmuse.com/nba/ask/Nick%20Smith%20Jr.%20stats%20in%202026,,,0426_nick-smith-jr.png,cached,
Nickeil Alexander-Walker,ATL,Hawks,25-26,https://www.statmuse.com/nba/ask/Nickeil%20Alexander-Walker%20stats%20in%202026,,,0427_nickeil-alexander-walker.png,cached,
Nicolas Batum,LAC,Clippers,25-26,https://www.statmuse.com/nba/ask/Nicolas%20Batum%20stats%20in%202026,,,0428_nicolas-batum.png,cached,
Nigel Hayes-Davis,PHX,Suns,25-26,https://www.statmuse.com/nba/ask/Nigel%20Hayes-Davis%20stats%20in%202026,,,0429_nigel-hayes-davis.png,cached,
Nikola JokiÄ,DEN,Nuggets,25-26,https://www.statmuse.com/nba/ask/Nikola%20Joki%C4%87%20stats%20in%202026,,,0430_nikola-joki.png,cached,
Nikola JoviÄ,MIA,Heat,25-26,https://www.statmuse.com/nba/ask/Nikola%20Jovi%C4%87%20stats%20in%202026,,,0431_nikola-jovi.png,cached,
Nikola TopiÄ,OKC,Thunder,25-26,https://www.statmuse.com/nba/ask/Nikola%20Topi%C4%87%20stats%20in%202026,,,0432_nikola-topi.png,cached,
Nikola VuÄeviÄ,CHI,Bulls,25-26,https://www.statmuse.com/nba/ask/Nikola%20Vu%C4%8Devi%C4%87%20stats%20in%202026,,,0433_nikola-vu-evi.png,cached,
Nique Clifford,SAC,Kings,25-26,https://www.statmuse.com/nba/ask/Nique%20Clifford%20stats%20in%202026,,,0434_nique-clifford.png,cached,
Noa Essengue,CHI,Bulls,25-26,https://www.statmuse.com/nba/ask/Noa%20Essengue%20stats%20in%202026,,,0435_noa-essengue.png,cached,
Noah Clowney,BKN,Nets,25-26,https://www.statmuse.com/nba/ask/Noah%20Clowney%20stats%20in%202026,,,0436_noah-clowney.png,cached,
Noah Penda,ORL,Magic,25-26,https://www.statmuse.com/nba/ask/Noah%20Penda%20stats%20in%202026,,,0437_noah-penda.png,cached,
Nolan Traore,BKN,Nets,25-26,https://www.statmuse.com/nba/ask/Nolan%20Traore%20stats%20in%202026,,,0438_nolan-traore.png,cached,
Norchad Omier,LAC,Clippers,25-26,https://www.statmuse.com/nba/ask/Norchad%20Omier%20stats%20in%202026,,,0439_norchad-omier.png,cached,
Norman Powell,MIA,Heat,25-26,https://www.statmuse.com/nba/ask/Norman%20Powell%20stats%20in%202026,,,0440_norman-powell.png,cached,
OG Anunoby,NYK,Knicks,25-26,https://www.statmuse.com/nba/ask/OG%20Anunoby%20stats%20in%202026,,,0441_og-anunoby.png,cached,
Obi Toppin,IND,Pacers,25-26,https://www.statmuse.com/nba/ask/Obi%20Toppin%20stats%20in%202026,,,0442_obi-toppin.png,cached,
Ochai Agbaji,BKN,Nets,25-26,https://www.statmuse.com/nba/ask/Ochai%20Agbaji%20stats%20in%202026,,,0443_ochai-agbaji.png,cached,
Olivier Sarr,CLE,Cavaliers,25-26,https://www.statmuse.com/nba/ask/Olivier%20Sarr%20stats%20in%202026,,,0444_olivier-sarr.png,cached,
Olivier-Maxence Prosper,MEM,Grizzlies,25-26,https://www.statmuse.com/nba/ask/Olivier-Maxence%20Prosper%20stats%20in%202026,,,0445_olivier-maxence-prosper.png,cached,
Onyeka Okongwu,ATL,Hawks,25-26,https://www.statmuse.com/nba/ask/Onyeka%20Okongwu%20stats%20in%202026,,,0446_onyeka-okongwu.png,cached,
Orlando Robinson,ORL,Magic,25-26,https://www.statmuse.com/nba/ask/Orlando%20Robinson%20stats%20in%202026,,,0447_orlando-robinson.png,cached,
Oscar Tshiebwe,UTA,Jazz,25-26,https://www.statmuse.com/nba/ask/Oscar%20Tshiebwe%20stats%20in%202026,,,0448_oscar-tshiebwe.png,cached,
Oso Ighodaro,PHX,Suns,25-26,https://www.statmuse.com/nba/ask/Oso%20Ighodaro%20stats%20in%202026,,,0449_oso-ighodaro.png,cached,
Ousmane Dieng,MIL,Bucks,25-26,https://www.statmuse.com/nba/ask/Ousmane%20Dieng%20stats%20in%202026,,,0450_ousmane-dieng.png,cached,
P.J. Washington,DAL,Mavericks,25-26,https://www.statmuse.com/nba/ask/P.J.%20Washington%20stats%20in%202026,,,0451_p-j-washington.png,cached,
PJ Hall,MEM,Grizzlies,25-26,https://www.statmuse.com/nba/ask/PJ%20Hall%20stats%20in%202026,,,0452_pj-hall.png,cached,
PacÃ´me Dadiet,NYK,Knicks,25-26,https://www.statmuse.com/nba/ask/Pac%C3%B4me%20Dadiet%20stats%20in%202026,,,0453_pac-me-dadiet.png,cached,
Paolo Banchero,ORL,Magic,25-26,https://www.statmuse.com/nba/ask/Paolo%20Banchero%20stats%20in%202026,,,0454_paolo-banchero.png,cached,
Pascal Siakam,IND,Pacers,25-26,https://www.statmuse.com/nba/ask/Pascal%20Siakam%20stats%20in%202026,,,0455_pascal-siakam.png,cached,
Pat Connaughton,CHA,Hornets,25-26,https://www.statmuse.com/nba/ask/Pat%20Connaughton%20stats%20in%202026,,,0456_pat-connaughton.png,cached,
Pat Spencer,GSW,Warriors,25-26,https://www.statmuse.com/nba/ask/Pat%20Spencer%20stats%20in%202026,,,0457_pat-spencer.png,cached,
Patrick Baldwin Jr.,PHI,76ers,25-26,https://www.statmuse.com/nba/ask/Patrick%20Baldwin%20Jr.%20stats%20in%202026,,,0458_patrick-baldwin-jr.png,cached,
Patrick Williams,CHI,Bulls,25-26,https://www.statmuse.com/nba/ask/Patrick%20Williams%20stats%20in%202026,,,0459_patrick-williams.png,cached,
Paul George,PHI,76ers,25-26,https://www.statmuse.com/nba/ask/Paul%20George%20stats%20in%202026,,,0460_paul-george.png,cached,
Paul Reed,DET,Pistons,25-26,https://www.statmuse.com/nba/ask/Paul%20Reed%20stats%20in%202026,,,0461_paul-reed.png,cached,
Payton Pritchard,BOS,Celtics,25-26,https://www.statmuse.com/nba/ask/Payton%20Pritchard%20stats%20in%202026,,,0462_payton-pritchard.png,cached,
Payton Sandfort,OKC,Thunder,25-26,https://www.statmuse.com/nba/ask/Payton%20Sandfort%20stats%20in%202026,,,0463_payton-sandfort.png,cached,
Pelle Larsson,MIA,Heat,25-26,https://www.statmuse.com/nba/ask/Pelle%20Larsson%20stats%20in%202026,,,0464_pelle-larsson.png,cached,
Pete Nance,MIL,Bucks,25-26,https://www.statmuse.com/nba/ask/Pete%20Nance%20stats%20in%202026,,,0465_pete-nance.png,cached,
Peyton Watson,DEN,Nuggets,25-26,https://www.statmuse.com/nba/ask/Peyton%20Watson%20stats%20in%202026,,,0466_peyton-watson.png,cached,
Precious Achiuwa,SAC,Kings,25-26,https://www.statmuse.com/nba/ask/Precious%20Achiuwa%20stats%20in%202026,,,0467_precious-achiuwa.png,cached,
Quentin Grimes,PHI,76ers,25-26,https://www.statmuse.com/nba/ask/Quentin%20Grimes%20stats%20in%202026,,,0468_quentin-grimes.png,cached,
Quenton Jackson,IND,Pacers,25-26,https://www.statmuse.com/nba/ask/Quenton%20Jackson%20stats%20in%202026,,,0469_quenton-jackson.png,cached,
Quinten Post,GSW,Warriors,25-26,https://www.statmuse.com/nba/ask/Quinten%20Post%20stats%20in%202026,,,0470_quinten-post.png,cached,
RJ Barrett,TOR,Raptors,25-26,https://www.statmuse.com/nba/ask/RJ%20Barrett%20stats%20in%202026,,,0471_rj-barrett.png,cached,
Rasheer Fleming,PHX,Suns,25-26,https://www.statmuse.com/nba/ask/Rasheer%20Fleming%20stats%20in%202026,,,0472_rasheer-fleming.png,cached,
RayJ Dennis,LAC,Clippers,25-26,https://www.statmuse.com/nba/ask/RayJ%20Dennis%20stats%20in%202026,,,0473_rayj-dennis.png,cached,
Rayan Rupert,MEM,Grizzlies,25-26,https://www.statmuse.com/nba/ask/Rayan%20Rupert%20stats%20in%202026,,,0474_rayan-rupert.png,cached,
Reed Sheppard,HOU,Rockets,25-26,https://www.statmuse.com/nba/ask/Reed%20Sheppard%20stats%20in%202026,,,0475_reed-sheppard.png,cached,
Riley Minix,CLE,Cavaliers,25-26,https://www.statmuse.com/nba/ask/Riley%20Minix%20stats%20in%202026,,,0476_riley-minix.png,cached,
Rob Dillingham,CHI,Bulls,25-26,https://www.statmuse.com/nba/ask/Rob%20Dillingham%20stats%20in%202026,,,0477_rob-dillingham.png,cached,
Robert Williams III,POR,Trail Blazers,25-26,https://www.statmuse.com/nba/ask/Robert%20Williams%20III%20stats%20in%202026,,,0478_robert-williams-iii.png,cached,
Rocco Zikarsky,MIN,Timberwolves,25-26,https://www.statmuse.com/nba/ask/Rocco%20Zikarsky%20stats%20in%202026,,,0479_rocco-zikarsky.png,cached,
Ron Harper Jr.,BOS,Celtics,25-26,https://www.statmuse.com/nba/ask/Ron%20Harper%20Jr.%20stats%20in%202026,,,0480_ron-harper-jr.png,cached,
Ronald Holland II,DET,Pistons,25-26,https://www.statmuse.com/nba/ask/Ronald%20Holland%20II%20stats%20in%202026,,,0481_ronald-holland-ii.png,cached,
Royce O'Neale,PHX,Suns,25-26,https://www.statmuse.com/nba/ask/Royce%20O%27Neale%20stats%20in%202026,,,0482_royce-o-neale.png,cached,
Rudy Gobert,MIN,Timberwolves,25-26,https://www.statmuse.com/nba/ask/Rudy%20Gobert%20stats%20in%202026,,,0483_rudy-gobert.png,cached,
Rui Hachimura,LAL,Lakers,25-26,https://www.statmuse.com/nba/ask/Rui%20Hachimura%20stats%20in%202026,,,0484_rui-hachimura.png,cached,
Russell Westbrook,SAC,Kings,25-26,https://www.statmuse.com/nba/ask/Russell%20Westbrook%20stats%20in%202026,,,0485_russell-westbrook.png,cached,
Ryan Dunn,PHX,Suns,25-26,https://www.statmuse.com/nba/ask/Ryan%20Dunn%20stats%20in%202026,,,0486_ryan-dunn.png,cached,
Ryan Kalkbrenner,CHA,Hornets,25-26,https://www.statmuse.com/nba/ask/Ryan%20Kalkbrenner%20stats%20in%202026,,,0487_ryan-kalkbrenner.png,cached,
Ryan Nembhard,DAL,Mavericks,25-26,https://www.statmuse.com/nba/ask/Ryan%20Nembhard%20stats%20in%202026,,,0488_ryan-nembhard.png,cached,
Ryan Rollins,MIL,Bucks,25-26,https://www.statmuse.com/nba/ask/Ryan%20Rollins%20stats%20in%202026,,,0489_ryan-rollins.png,cached,
Saddiq Bey,NOP,Pelicans,25-26,https://www.statmuse.com/nba/ask/Saddiq%20Bey%20stats%20in%202026,,,0490_saddiq-bey.png,cached,
Sam Hauser,BOS,Celtics,25-26,https://www.statmuse.com/nba/ask/Sam%20Hauser%20stats%20in%202026,,,0491_sam-hauser.png,cached,
Sam Merrill,CLE,Cavaliers,25-26,https://www.statmuse.com/nba/ask/Sam%20Merrill%20stats%20in%202026,,,0492_sam-merrill.png,cached,
Sandro Mamukelashvili,TOR,Raptors,25-26,https://www.statmuse.com/nba/ask/Sandro%20Mamukelashvili%20stats%20in%202026,,,0493_sandro-mamukelashvili.png,cached,
Santi Aldama,MEM,Grizzlies,25-26,https://www.statmuse.com/nba/ask/Santi%20Aldama%20stats%20in%202026,,,0494_santi-aldama.png,cached,
Scoot Henderson,POR,Trail Blazers,25-26,https://www.statmuse.com/nba/ask/Scoot%20Henderson%20stats%20in%202026,,,0495_scoot-henderson.png,cached,
Scottie Barnes,TOR,Raptors,25-26,https://www.statmuse.com/nba/ask/Scottie%20Barnes%20stats%20in%202026,,,0496_scottie-barnes.png,cached,
Scotty Pippen Jr.,MEM,Grizzlies,25-26,https://www.statmuse.com/nba/ask/Scotty%20Pippen%20Jr.%20stats%20in%202026,,,0497_scotty-pippen-jr.png,cached,
Sean Pedulla,LAC,Clippers,25-26,https://www.statmuse.com/nba/ask/Sean%20Pedulla%20stats%20in%202026,,,0498_sean-pedulla.png,cached,
Seth Curry,GSW,Warriors,25-26,https://www.statmuse.com/nba/ask/Seth%20Curry%20stats%20in%202026,,,0499_seth-curry.png,cached,
Shaedon Sharpe,POR,Trail Blazers,25-26,https://www.statmuse.com/nba/ask/Shaedon%20Sharpe%20stats%20in%202026,,,0500_shaedon-sharpe.png,cached,
Shai Gilgeous-Alexander,OKC,Thunder,25-26,https://www.statmuse.com/nba/ask/Shai%20Gilgeous-Alexander%20stats%20in%202026,,,0501_shai-gilgeous-alexander.png,cached,
Sharife Cooper,WAS,Wizards,25-26,https://www.statmuse.com/nba/ask/Sharife%20Cooper%20stats%20in%202026,,,0502_sharife-cooper.png,cached,
Sidy Cissoko,POR,Trail Blazers,25-26,https://www.statmuse.com/nba/ask/Sidy%20Cissoko%20stats%20in%202026,,,0503_sidy-cissoko.png,cached,
Simone Fontecchio,MIA,Heat,25-26,https://www.statmuse.com/nba/ask/Simone%20Fontecchio%20stats%20in%202026,,,0504_simone-fontecchio.png,cached,
Sion James,CHA,Hornets,25-26,https://www.statmuse.com/nba/ask/Sion%20James%20stats%20in%202026,,,0505_sion-james.png,cached,
Skal LabissiÃ¨re,WAS,Wizards,25-26,https://www.statmuse.com/nba/ask/Skal%20Labissi%C3%A8re%20stats%20in%202026,,,0506_skal-labissi-re.png,cached,
Spencer Jones,DEN,Nuggets,25-26,https://www.statmuse.com/nba/ask/Spencer%20Jones%20stats%20in%202026,,,0507_spencer-jones.png,cached,
Stanley Umude,SAS,Spurs,25-26,https://www.statmuse.com/nba/ask/Stanley%20Umude%20stats%20in%202026,,,0508_stanley-umude.png,cached,
Stephen Curry,GSW,Warriors,25-26,https://www.statmuse.com/nba/ask/Stephen%20Curry%20stats%20in%202026,,,0509_stephen-curry.png,cached,
Stephon Castle,SAS,Spurs,25-26,https://www.statmuse.com/nba/ask/Stephon%20Castle%20stats%20in%202026,,,0510_stephon-castle.png,cached,
Steven Adams,HOU,Rockets,25-26,https://www.statmuse.com/nba/ask/Steven%20Adams%20stats%20in%202026,,,0511_steven-adams.png,cached,
Svi Mykhailiuk,UTA,Jazz,25-26,https://www.statmuse.com/nba/ask/Svi%20Mykhailiuk%20stats%20in%202026,,,0512_svi-mykhailiuk.png,cached,
T.J. McConnell,IND,Pacers,25-26,https://www.statmuse.com/nba/ask/T.J.%20McConnell%20stats%20in%202026,,,0513_t-j-mcconnell.png,cached,
Taelon Peter,IND,Pacers,25-26,https://www.statmuse.com/nba/ask/Taelon%20Peter%20stats%20in%202026,,,0514_taelon-peter.png,cached,
Taj Gibson,MEM,Grizzlies,25-26,https://www.statmuse.com/nba/ask/Taj%20Gibson%20stats%20in%202026,,,0515_taj-gibson.png,cached,
Tari Eason,HOU,Rockets,25-26,https://www.statmuse.com/nba/ask/Tari%20Eason%20stats%20in%202026,,,0516_tari-eason.png,cached,
Taurean Prince,MIL,Bucks,25-26,https://www.statmuse.com/nba/ask/Taurean%20Prince%20stats%20in%202026,,,0517_taurean-prince.png,cached,
Taylor Hendricks,MEM,Grizzlies,25-26,https://www.statmuse.com/nba/ask/Taylor%20Hendricks%20stats%20in%202026,,,0518_taylor-hendricks.png,cached,
Terance Mann,BKN,Nets,25-26,https://www.statmuse.com/nba/ask/Terance%20Mann%20stats%20in%202026,,,0519_terance-mann.png,cached,
Terrence Shannon Jr.,MIN,Timberwolves,25-26,https://www.statmuse.com/nba/ask/Terrence%20Shannon%20Jr.%20stats%20in%202026,,,0520_terrence-shannon-jr.png,cached,
Thanasis Antetokounmpo,MIL,Bucks,25-26,https://www.statmuse.com/nba/ask/Thanasis%20Antetokounmpo%20stats%20in%202026,,,0521_thanasis-antetokounmpo.png,cached,
Thomas Bryant,CLE,Cavaliers,25-26,https://www.statmuse.com/nba/ask/Thomas%20Bryant%20stats%20in%202026,,,0522_thomas-bryant.png,cached,
Tidjane SalaÃ¼n,CHA,Hornets,25-26,https://www.statmuse.com/nba/ask/Tidjane%20Sala%C3%BCn%20stats%20in%202026,,,0523_tidjane-sala-n.png,cached,
Tim Hardaway Jr.,DEN,Nuggets,25-26,https://www.statmuse.com/nba/ask/Tim%20Hardaway%20Jr.%20stats%20in%202026,,,0524_tim-hardaway-jr.png,cached,
Tobias Harris,DET,Pistons,25-26,https://www.statmuse.com/nba/ask/Tobias%20Harris%20stats%20in%202026,,,0525_tobias-harris.png,cached,
Toby Okani,MEM,Grizzlies,25-26,https://www.statmuse.com/nba/ask/Toby%20Okani%20stats%20in%202026,,,0526_toby-okani.png,cached,
Tolu Smith,DET,Pistons,25-26,https://www.statmuse.com/nba/ask/Tolu%20Smith%20stats%20in%202026,,,0527_tolu-smith.png,cached,
Tony Bradley,ATL,Hawks,25-26,https://www.statmuse.com/nba/ask/Tony%20Bradley%20stats%20in%202026,,,0528_tony-bradley.png,cached,
Tosan Evbuomwan,NYK,Knicks,25-26,https://www.statmuse.com/nba/ask/Tosan%20Evbuomwan%20stats%20in%202026,,,0529_tosan-evbuomwan.png,cached,
Toumani Camara,POR,Trail Blazers,25-26,https://www.statmuse.com/nba/ask/Toumani%20Camara%20stats%20in%202026,,,0530_toumani-camara.png,cached,
Trae Young,ATL,Hawks,25-26,https://www.statmuse.com/nba/ask/Trae%20Young%20stats%20in%202026,,,0531_trae-young.png,cached,
Trayce Jackson-Davis,TOR,Raptors,25-26,https://www.statmuse.com/nba/ask/Trayce%20Jackson-Davis%20stats%20in%202026,,,0532_trayce-jackson-davis.png,cached,
Tre Johnson,WAS,Wizards,25-26,https://www.statmuse.com/nba/ask/Tre%20Johnson%20stats%20in%202026,,,0533_tre-johnson.png,cached,
Tre Jones,CHI,Bulls,25-26,https://www.statmuse.com/nba/ask/Tre%20Jones%20stats%20in%202026,,,0534_tre-jones.png,cached,
Tre Mann,CHA,Hornets,25-26,https://www.statmuse.com/nba/ask/Tre%20Mann%20stats%20in%202026,,,0535_tre-mann.png,cached,
Trendon Watford,PHI,76ers,25-26,https://www.statmuse.com/nba/ask/Trendon%20Watford%20stats%20in%202026,,,0536_trendon-watford.png,cached,
Trentyn Flowers,CHI,Bulls,25-26,https://www.statmuse.com/nba/ask/Trentyn%20Flowers%20stats%20in%202026,,,0537_trentyn-flowers.png,cached,
Trevon Scott,BKN,Nets,25-26,https://www.statmuse.com/nba/ask/Trevon%20Scott%20stats%20in%202026,,,0538_trevon-scott.png,cached,
Trevor Keels,MIA,Heat,25-26,https://www.statmuse.com/nba/ask/Trevor%20Keels%20stats%20in%202026,,,0539_trevor-keels.png,cached,
Trey Alexander,NOP,Pelicans,25-26,https://www.statmuse.com/nba/ask/Trey%20Alexander%20stats%20in%202026,,,0540_trey-alexander.png,cached,
Trey Jemison III,NYK,Knicks,25-26,https://www.statmuse.com/nba/ask/Trey%20Jemison%20III%20stats%20in%202026,,,0541_trey-jemison-iii.png,cached,
Trey Murphy III,NOP,Pelicans,25-26,https://www.statmuse.com/nba/ask/Trey%20Murphy%20III%20stats%20in%202026,,,0542_trey-murphy-iii.png,cached,
Tristan Enaruna,CLE,Cavaliers,25-26,https://www.statmuse.com/nba/ask/Tristan%20Enaruna%20stats%20in%202026,,,0543_tristan-enaruna.png,cached,
Tristan Vukcevic,WAS,Wizards,25-26,https://www.statmuse.com/nba/ask/Tristan%20Vukcevic%20stats%20in%202026,,,0544_tristan-vukcevic.png,cached,
Tristan da Silva,ORL,Magic,25-26,https://www.statmuse.com/nba/ask/Tristan%20da%20Silva%20stats%20in%202026,,,0545_tristan-da-silva.png,cached,
Tristen Newton,HOU,Rockets,25-26,https://www.statmuse.com/nba/ask/Tristen%20Newton%20stats%20in%202026,,,0546_tristen-newton.png,cached,
Ty Jerome,MEM,Grizzlies,25-26,https://www.statmuse.com/nba/ask/Ty%20Jerome%20stats%20in%202026,,,0547_ty-jerome.png,cached,
TyTy Washington Jr.,LAC,Clippers,25-26,https://www.statmuse.com/nba/ask/TyTy%20Washington%20Jr.%20stats%20in%202026,,,0548_tyty-washington-jr.png,cached,
Tyler Burton,MEM,Grizzlies,25-26,https://www.statmuse.com/nba/ask/Tyler%20Burton%20stats%20in%202026,,,0549_tyler-burton.png,cached,
Tyler Herro,MIA,Heat,25-26,https://www.statmuse.com/nba/ask/Tyler%20Herro%20stats%20in%202026,,,0550_tyler-herro.png,cached,
Tyler Kolek,NYK,Knicks,25-26,https://www.statmuse.com/nba/ask/Tyler%20Kolek%20stats%20in%202026,,,0551_tyler-kolek.png,cached,
Tyler Smith,DAL,Mavericks,25-26,https://www.statmuse.com/nba/ask/Tyler%20Smith%20stats%20in%202026,,,0552_tyler-smith.png,cached,
Tyrese Martin,PHI,76ers,25-26,https://www.statmuse.com/nba/ask/Tyrese%20Martin%20stats%20in%202026,,,0553_tyrese-martin.png,cached,
Tyrese Maxey,PHI,76ers,25-26,https://www.statmuse.com/nba/ask/Tyrese%20Maxey%20stats%20in%202026,,,0554_tyrese-maxey.png,cached,
Tyrese Proctor,CLE,Cavaliers,25-26,https://www.statmuse.com/nba/ask/Tyrese%20Proctor%20stats%20in%202026,,,0555_tyrese-proctor.png,cached,
Tyson Etienne,BKN,Nets,25-26,https://www.statmuse.com/nba/ask/Tyson%20Etienne%20stats%20in%202026,,,0556_tyson-etienne.png,cached,
Tyus Jones,ORL,Magic,25-26,https://www.statmuse.com/nba/ask/Tyus%20Jones%20stats%20in%202026,,,0557_tyus-jones.png,cached,
VJ Edgecombe,PHI,76ers,25-26,https://www.statmuse.com/nba/ask/VJ%20Edgecombe%20stats%20in%202026,,,0558_vj-edgecombe.png,cached,
Victor Wembanyama,SAS,Spurs,25-26,https://www.statmuse.com/nba/ask/Victor%20Wembanyama%20stats%20in%202026,,,0559_victor-wembanyama.png,cached,
Vince Williams Jr.,MEM,Grizzlies,25-26,https://www.statmuse.com/nba/ask/Vince%20Williams%20Jr.%20stats%20in%202026,,,0560_vince-williams-jr.png,cached,
Vladislav Goldin,MIA,Heat,25-26,https://www.statmuse.com/nba/ask/Vladislav%20Goldin%20stats%20in%202026,,,0561_vladislav-goldin.png,cached,
VÃ­t KrejÄÃ­,ATL,Hawks,25-26,https://www.statmuse.com/nba/ask/V%C3%ADt%20Krej%C4%8D%C3%AD%20stats%20in%202026,,,0562_v-t-krej.png,cached,
Walker Kessler,UTA,Jazz,25-26,https://www.statmuse.com/nba/ask/Walker%20Kessler%20stats%20in%202026,,,0563_walker-kessler.png,cached,
Walter Clayton Jr.,MEM,Grizzlies,25-26,https://www.statmuse.com/nba/ask/Walter%20Clayton%20Jr.%20stats%20in%202026,,,0564_walter-clayton-jr.png,cached,
Wendell Carter Jr.,ORL,Magic,25-26,https://www.statmuse.com/nba/ask/Wendell%20Carter%20Jr.%20stats%20in%202026,,,0565_wendell-carter-jr.png,cached,
Wendell Moore Jr.,DET,Pistons,25-26,https://www.statmuse.com/nba/ask/Wendell%20Moore%20Jr.%20stats%20in%202026,,,0566_wendell-moore-jr.png,cached,
Will Richard,GSW,Warriors,25-26,https://www.statmuse.com/nba/ask/Will%20Richard%20stats%20in%202026,,,0567_will-richard.png,cached,
Will Riley,WAS,Wizards,25-26,https://www.statmuse.com/nba/ask/Will%20Riley%20stats%20in%202026,,,0568_will-riley.png,cached,
Xavier Tillman,BOS,Celtics,25-26,https://www.statmuse.com/nba/ask/Xavier%20Tillman%20stats%20in%202026,,,0569_xavier-tillman.png,cached,
Yang Hansen,POR,Trail Blazers,25-26,https://www.statmuse.com/nba/ask/Yang%20Hansen%20stats%20in%202026,,,0570_yang-hansen.png,cached,
Yanic Konan NiederhÃ¤user,LAC,Clippers,25-26,https://www.statmuse.com/nba/ask/Yanic%20Konan%20Niederh%C3%A4user%20stats%20in%202026,,,0571_yanic-konan-niederh-user.png,cached,
Yuki Kawamura,CHI,Bulls,25-26,https://www.statmuse.com/nba/ask/Yuki%20Kawamura%20stats%20in%202026,,,0572_yuki-kawamura.png,cached,
Yves Missi,NOP,Pelicans,25-26,https://www.statmuse.com/nba/ask/Yves%20Missi%20stats%20in%202026,,,0573_yves-missi.png,cached,
Zaccharie Risacher,ATL,Hawks,25-26,https://www.statmuse.com/nba/ask/Zaccharie%20Risacher%20stats%20in%202026,,,0574_zaccharie-risacher.png,cached,
Zach Collins,CHI,Bulls,25-26,https://www.statmuse.com/nba/ask/Zach%20Collins%20stats%20in%202026,,,0575_zach-collins.png,cached,
Zach Edey,MEM,Grizzlies,25-26,https://www.statmuse.com/nba/ask/Zach%20Edey%20stats%20in%202026,,,0576_zach-edey.png,cached,
Zach LaVine,SAC,Kings,25-26,https://www.statmuse.com/nba/ask/Zach%20LaVine%20stats%20in%202026,,,0577_zach-lavine.png,cached,
Zeke Nnaji,DEN,Nuggets,25-26,https://www.statmuse.com/nba/ask/Zeke%20Nnaji%20stats%20in%202026,,,0578_zeke-nnaji.png,cached,
Ziaire Williams,BKN,Nets,25-26,https://www.statmuse.com/nba/ask/Ziaire%20Williams%20stats%20in%202026,,,0579_ziaire-williams.png,cached,
Zion Williamson,NOP,Pelicans,25-26,https://www.statmuse.com/nba/ask/Zion%20Williamson%20stats%20in%202026,,,0580_zion-williamson.png,cached,
Zyon Pullin,MIN,Timberwolves,25-26,https://www.statmuse.com/nba/ask/Zyon%20Pullin%20stats%20in%202026,,,0581_zyon-pullin.png,cached,
Ãmer Yurtseven,GSW,Warriors,25-26,https://www.statmuse.com/nba/ask/%C3%96mer%20Yurtseven%20stats%20in%202026,,,0582_mer-yurtseven.png,cached,
